"Ref","Title","Organization->Name","Caller->Full name","Start date","Status","Agent->Full name","Assignment date","Close date","Cumulated pending","Description","End date","Hot Flag","Hot reason","Impact","Last pending date","Last update","Operational status","Origin","Pending reason","Priority","Private log","Public log","Resolution code","Resolution date","Resolution delay","Solution","Ticket sub-class","Urgency","User comment","User satisfaction","id (Primary Key)","Agent","Agent->Last Name","Agent->Obsolete","Agent->First Name","Agent->Organization","Agent->Organization name","Agent->Email","Agent->Employee number","Caller","Caller->Last Name","Caller->Obsolete","Caller->First Name","Caller->Organization","Caller->Organization name","Caller->Email","Caller->Employee number","Organization","Organization->Full name","Organization->Obsolete","Organization->Code","Parent change","Parent change->Ref","Parent change->Full name","Parent change->Ticket sub-class","Parent incident","Parent incident->Ref","Parent incident->Full name","Service","Service->Name","Service->Full name","Service->Provider","Service->Provider Name","Service subcategory","Service subcategory->Name","Service subcategory->Full name","Service subcategory->Service","Service subcategory->Service name","Team","Team->Full name","Team->Email","Team->Obsolete","Team->Name","Team->Organization","Team->Organization name","parent problem id","parent problem id->Ref","parent problem id->Full name","TTO Deadline","SLA tto passed","SLA tto over","TTR Deadline","SLA ttr passed","SLA ttr over"
"I-000128","Tickets#@","Nectar","Akhil Bhatiya","2019-03-08 07:41:47","Pending","Marguerite Duras","2019-03-08 07:42:01",,0,"PC login problems",,"No","","A department","2019-03-08 07:43:00","2019-03-08 08:11:53","Ongoing","phone","pending from support team","critical","========== 2019-03-08 07:41:47 : My first name My last name (1) ============ PC login problems","========== 2019-03-08 07:41:47 : My first name My last name (1) ============ PC login problems ========== 2019-03-08 08:11:53 : Akhil Bhatiya (5) ============ test","assistance",,,"","Incident","high","","Very satisfied",128,10,"Duras",No,"Marguerite",2,"IT Department","duras@it.com","",45,"Bhatiya",No,"Akhil",3,"Nectar","","",3,"Nectar",No,"NEC-00",0,"","","",0,"","",1,"Computers and peripherals","Computers and peripherals",2,"IT Department",12,"Repair","Repair",1,"Computers and peripherals",21,"Helpdesk","",No,"Helpdesk",2,"IT Department",0,"","","","no","0s","","no","0s"
"I-000127","Ticket raise#100","Nectar","Acharya Shrvastav","2019-03-07 13:56:12","Assigned","Jean-Paul Sartre","2019-03-07 13:56:20",,0,"testing",,"No","","A department",,"2019-03-07 13:56:20","Ongoing","phone","","low","","","assistance",,,"","Incident","low","","Very satisfied",127,8,"Sartre",No,"Jean-Paul",2,"IT Department","sartre@it.com","",58,"Shrvastav",No,"Acharya",3,"Nectar","","",3,"Nectar",No,"NEC-00",0,"","","",0,"","",0,"","",,"",0,"","",,"",23,"System & application support","",No,"System & application support",2,"IT Department",0,"","","","no","0s","","no","0s"
"I-000126","Tickets#7/3/2019","Nectar","Akhil Bhatiya","2019-03-07 11:49:48","Assigned","Jules Verne","2019-03-07 11:49:57",,1264,"server AMC",,"No","","A department","2019-03-07 11:50:19","2019-03-07 12:11:34","Ongoing","phone","pending","high","","","assistance",,,"","Incident","medium","","Very satisfied",126,9,"Verne",No,"Jules",2,"IT Department","vidyadhar@nectarinfotel.com","",45,"Bhatiya",No,"Akhil",3,"Nectar","","",3,"Nectar",No,"NEC-00",0,"","","",0,"","",1,"Computers and peripherals","Computers and peripherals",2,"IT Department",12,"Repair","Repair",1,"Computers and peripherals",23,"System & application support","",No,"System & application support",2,"IT Department",0,"","","","no","0s","","no","0s"
"I-000123","Ticket raise#7mar2019","Nectar","Arman Agarwal","2019-03-07 09:39:33","Assigned","Jean-Paul Sartre","2019-03-07 09:39:38",,0,"AMC service for AC",,"No","","A department",,"2019-03-07 10:11:39","Ongoing","phone","","low","","","assistance",,,"","Incident","low","","Very satisfied",123,8,"Sartre",No,"Jean-Paul",2,"IT Department","sartre@it.com","",62,"Agarwal",No,"Arman",3,"Nectar","puneteam@gmail.com","",3,"Nectar",No,"NEC-00",0,"","","",109,"I-000109","I-000109",1,"Computers and peripherals","Computers and peripherals",2,"IT Department",16,"Troubleshooting","Troubleshooting",1,"Computers and peripherals",23,"System & application support","",No,"System & application support",2,"IT Department",0,"","","","no","0s","","no","0s"
"I-000115","Ticket raise#12","Nectar","Salvador Dali","2019-02-28 10:53:01","Assigned","Jules Verne","2019-03-01 06:47:26",,0,"Description-Ticket raise#12",,"No","","A department",,"2019-03-01 06:47:26","Ongoing","phone","","low","","","assistance",,,"","Incident","low","","Very satisfied",115,9,"Verne",No,"Jules",2,"IT Department","vidyadhar@nectarinfotel.com","",12,"Dali",No,"Salvador",3,"Nectar","dali@demo.com","",3,"Nectar",No,"NEC-00",0,"","","",0,"","",0,"","",,"",0,"","",,"",23,"System & application support","",No,"System & application support",2,"IT Department",0,"","","","no","0s","","no","0s"
"I-000114","Ticket raise#11","Nectar","Acharya Shrvastav","2019-02-28 08:31:37","Assigned","Jules Verne","2019-02-28 08:31:44",,0,"Description-Ticket raise#11",,"No","","A department",,"2019-02-28 08:31:44","Ongoing","phone","","low","","","assistance",,,"","Incident","low","","Very satisfied",114,9,"Verne",No,"Jules",2,"IT Department","vidyadhar@nectarinfotel.com","",58,"Shrvastav",No,"Acharya",3,"Nectar","","",3,"Nectar",No,"NEC-00",0,"","","",0,"","",0,"","",,"",0,"","",,"",23,"System & application support","",No,"System & application support",2,"IT Department",0,"","","","no","0s","","no","0s"
"I-000113","Ticket #7","IT Department","Acharya Arora","2019-02-28 07:05:42","Pending","Jules Verne","2019-02-28 07:06:15",,133,"Description -Ticket #7",,"No","","A department","2019-02-28 10:26:16","2019-02-28 10:26:16","Ongoing","phone","need to resolve","low","","","assistance",,,"","Incident","low","","Very satisfied",113,9,"Verne",No,"Jules",2,"IT Department","vidyadhar@nectarinfotel.com","",81,"Arora",No,"Acharya",2,"IT Department","","",2,"IT Department",No,"IT",0,"","","",0,"","",0,"","",,"",0,"","",,"",23,"System & application support","",No,"System & application support",2,"IT Department",0,"","","","no","0s","","no","0s"
"I-000110","Ticket #4","PMM","Niraa raut","2019-02-28 06:34:14","Assigned","Marguerite Duras","2019-02-28 08:31:04",,0,"Description -for rupali",,"No","","A department",,"2019-02-28 08:31:04","Ongoing","phone","","low","","","assistance",,,"","Incident","low","","Very satisfied",110,10,"Duras",No,"Marguerite",2,"IT Department","duras@it.com","",74,"raut",No,"Niraa",14,"PMM","priyadigital245@gmail.com","7548965641",14,"PMM",No,"008",0,"","","",0,"","",0,"","",,"",0,"","",,"",21,"Helpdesk","",No,"Helpdesk",2,"IT Department",0,"","","","no","0s","","no","0s"
"I-000109","Ticket 1","Business Development Executive","Business Business","2019-02-27 11:11:14","Assigned","Jean-Paul Sartre","2019-02-27 11:11:41",,0,"Ticket Description",,"No","","A department",,"2019-02-27 11:11:41","Ongoing","email","","low","","","assistance",,,"","Incident","low","","Very satisfied",109,8,"Sartre",No,"Jean-Paul",2,"IT Department","sartre@it.com","",64,"Business",No,"Business",7,"Business Development Executive","","12345",7,"Business Development Executive",Yes,"004",0,"","","",0,"","",0,"","",,"",0,"","",,"",23,"System & application support","",No,"System & application support",2,"IT Department",0,"","","","no","0s","","no","0s"
"I-000107","tickets#12","Nectar","Agatha Christiee","2019-02-06 10:59:30","Resolved","Jules Verne","2019-02-06 10:59:47",,0,"ticket for server down issue",,"No","","A department",,"2019-02-27 11:08:29","Resolved","phone","","low","========== 2019-02-06 10:59:30 : My first name My last name (1) ============ azza","========== 2019-02-06 10:59:30 : My first name My last name (1) ============ ssss","assistance","2019-02-27 11:08:29",1814939,"reslove","Incident","low","","Very satisfied",107,9,"Verne",No,"Jules",2,"IT Department","vidyadhar@nectarinfotel.com","",14,"Christiee",No,"Agatha",3,"Nectar","christie@demo.com","",3,"Nectar",No,"NEC-00",0,"","","",0,"","",1,"Computers and peripherals","Computers and peripherals",2,"IT Department",12,"Repair","Repair",1,"Computers and peripherals",21,"Helpdesk","",No,"Helpdesk",2,"IT Department",0,"","","","no","0s","","no","0s"
"I-000106","Ticket Raised By Client","Nectar","Arman Agarwal","2019-02-05 07:26:36","Assigned","Jean-Paul Sartre","2019-02-11 06:32:27",,0,"Ticket Raised By Client","2019-01-30 10:00:00","No","","A department",,"2019-02-11 06:32:27","Ongoing","phone","","low","","","assistance",,,"","Incident","low","","Very satisfied",106,8,"Sartre",No,"Jean-Paul",2,"IT Department","sartre@it.com","",62,"Agarwal",No,"Arman",3,"Nectar","puneteam@gmail.com","",3,"Nectar",No,"NEC-00",0,"","","",0,"","",0,"","",,"",0,"","",,"",23,"System & application support","",No,"System & application support",2,"IT Department",0,"","","","no","0s","","no","0s"
"I-000105","ticket1","PMM","rohan warma","2019-02-05 06:58:31","Assigned","Jules Verne","2019-02-11 06:32:49",,0,"t","2019-01-04 13:00:00","No","","A department",,"2019-02-11 06:32:49","Ongoing","phone","","low","","","assistance",,,"","Incident","low","","Very satisfied",105,9,"Verne",No,"Jules",2,"IT Department","vidyadhar@nectarinfotel.com","",72,"warma",No,"rohan",14,"PMM","priyadigital245@gmail.com","7548965641",14,"PMM",No,"008",0,"","","",0,"","",0,"","",,"",0,"","",,"",21,"Helpdesk","",No,"Helpdesk",2,"IT Department",0,"","","","no","0s","","no","0s"
"I-000103","Ticket #22","DSI","Kadam Rajeev","2019-01-31 06:56:28","Assigned","Ravindra Therade","2019-01-31 06:56:36",,0,"ticket for system crash problem","2019-01-31 11:18:00","No","","A department",,"2019-01-31 06:56:42","Ongoing","phone","","low","","","assistance",,,"","Incident","low","","Very satisfied",103,53,"Therade",No,"Ravindra",2,"IT Department","priyadigital245@gmail.com","",70,"Rajeev",No,"Kadam",11,"DSI","priyadigital245@gmail.com","7548965641",11,"DSI",No,"005",0,"","","",0,"","",0,"","",,"",0,"","",,"",21,"Helpdesk","",No,"Helpdesk",2,"IT Department",0,"","","","no","0s","","no","0s"
"I-000102","ticket raise for app system","Nectar","Acharya Shrvastav","2019-01-31 06:55:03","Pending","Jules Verne","2019-01-31 06:55:07",,0,"ticket raise for app system","2019-01-31 12:23:14","No","","A department","2019-01-31 06:55:31","2019-01-31 06:55:31","Ongoing","phone","need to hold for some functionality","low","","","assistance",,,"","Incident","low","","Very satisfied",102,9,"Verne",No,"Jules",2,"IT Department","vidyadhar@nectarinfotel.com","",85,"Shrvastav",No,"Acharya",3,"Nectar","","",3,"Nectar",No,"NEC-00",0,"","","",0,"","",0,"","",,"",0,"","",,"",21,"Helpdesk","",No,"Helpdesk",2,"IT Department",0,"","","","no","0s","","no","0s"
"I-000101","Ticket Title2","Nectar","Agatha Christiee","2019-01-30 13:17:31","Assigned","Jean-Paul Sartre","2019-01-30 13:17:41",,0,"Ticket Title2","2019-01-04 13:00:00","No","","A department",,"2019-01-30 13:17:41","Ongoing","phone","","low","","","assistance",,,"","Incident","low","","Very satisfied",101,8,"Sartre",No,"Jean-Paul",2,"IT Department","sartre@it.com","",14,"Christiee",No,"Agatha",3,"Nectar","christie@demo.com","",3,"Nectar",No,"NEC-00",0,"","","",0,"","",0,"","",,"",0,"","",,"",23,"System & application support","",No,"System & application support",2,"IT Department",0,"","","","no","0s","","no","0s"
"I-000100","Ticket #16","Nectar","Akhil Bhatiya","2019-01-30 10:50:35","Resolved","Jean-Paul Sartre","2019-01-30 10:50:38",,0,"ticket for retesting","2019-01-30 12:23:14","No","","A department",,"2019-01-30 12:56:06","Resolved","phone","","low","","","assistance","2019-01-30 12:56:05",7530,"reslove","Incident","low","","Very satisfied",100,8,"Sartre",No,"Jean-Paul",2,"IT Department","sartre@it.com","",45,"Bhatiya",No,"Akhil",3,"Nectar","","",3,"Nectar",No,"NEC-00",0,"","","",0,"","",2,"Software","Software",2,"IT Department",15,"Troubleshooting","Troubleshooting",2,"Software",23,"System & application support","",No,"System & application support",2,"IT Department",0,"","","","no","0s","","no","0s"
"I-000099","Ticket generate for customer 0004 error","IT Department","Akhilesh Yada","2019-01-30 07:27:20","Assigned","Jean-Paul Sartre","2019-01-30 07:27:30",,0,"Ticket generate for customer 0004 error","2019-01-30 12:23:14","No","","A department",,"2019-01-30 07:29:32","Ongoing","phone","","low","","","assistance",,,"","Incident","low","","Very satisfied",99,8,"Sartre",No,"Jean-Paul",2,"IT Department","sartre@it.com","",54,"Yada",No,"Akhilesh",2,"IT Department","","",2,"IT Department",No,"IT",0,"","","",0,"","",0,"","",,"",0,"","",,"",23,"System & application support","",No,"System & application support",2,"IT Department",0,"","","","no","0s","","no","0s"
"I-000098","Ticket Raised By Client","Nectar","Babeg Charles","2019-01-30 06:44:55","Assigned","Jules Verne","2019-01-30 07:34:27",,0,"Ticket Raised By Client","2019-01-04 13:00:00","No","","A department",,"2019-01-30 07:34:27","Ongoing","phone","","low","","","assistance",,,"","Incident","low","","Very satisfied",98,9,"Verne",No,"Jules",2,"IT Department","vidyadhar@nectarinfotel.com","",50,"Charles",Yes,"Babeg",3,"Nectar","","",3,"Nectar",No,"NEC-00",0,"","","",0,"","",0,"","",,"",0,"","",,"",23,"System & application support","",No,"System & application support",2,"IT Department",0,"","","","no","0s","","no","0s"
"I-000097","Ticket Raised By Client","My Company/Department","Ram Kumar","2019-01-30 06:38:36","Assigned","Jules Verne","2019-01-30 07:34:41",,0,"Ticket Raised By Client","2019-01-04 13:00:00","No","","A department",,"2019-01-30 07:58:36","Ongoing","phone","","low","","","assistance",,,"","Incident","low","","Very satisfied",97,9,"Verne",No,"Jules",2,"IT Department","vidyadhar@nectarinfotel.com","",31,"Kumar",No,"Ram",1,"My Company/Department","theraderutu@gmail.com","7548965641",1,"My Company/Department",No,"SOMECODE",0,"","","",0,"","",0,"","",,"",0,"","",,"",23,"System & application support","",No,"System & application support",2,"IT Department",0,"","","","no","0s","","no","0s"
"I-000096","create incident","Nectar","Akhilesh Arora","2019-01-30 06:05:49","Assigned","Marguerite Duras","2019-01-30 06:05:54",,0,"create incident","2019-01-30 12:23:14","No","","A department",,"2019-01-30 07:08:12","Ongoing","phone","","low","","","assistance",,,"","Incident","low","","Very satisfied",96,10,"Duras",No,"Marguerite",2,"IT Department","duras@it.com","",80,"Arora",No,"Akhilesh",3,"Nectar","","",3,"Nectar",No,"NEC-00",0,"","","",0,"","",0,"","",,"",0,"","",,"",21,"Helpdesk","",No,"Helpdesk",2,"IT Department",0,"","","","no","0s","","no","0s"
"I-000095","Ticket raise for Menu","DSI","Kadam Rajeev","2019-01-30 05:42:47","Assigned","Jules Verne","2019-01-30 05:42:55",,0,"ticket raise by sonali","2019-01-30 12:23:14","No","","A department",,"2019-01-30 05:43:04","Ongoing","phone","","low","","","assistance",,,"","Incident","low","","Very satisfied",95,9,"Verne",No,"Jules",2,"IT Department","vidyadhar@nectarinfotel.com","",70,"Rajeev",No,"Kadam",11,"DSI","priyadigital245@gmail.com","7548965641",11,"DSI",No,"005",0,"","","",0,"","",0,"","",,"",0,"","",,"",21,"Helpdesk","",No,"Helpdesk",2,"IT Department",0,"","","","no","0s","","no","0s"
"I-000092","Ticket Raised","Nectar","Akhilesh Arora","2019-01-29 13:16:30","Assigned","Marguerite Duras","2019-01-29 13:16:38",,0,"Ticket Raised","2019-01-04 13:00:00","No","","A department",,"2019-01-29 13:16:38","Ongoing","phone","","low","","","assistance",,,"","Incident","low","","Very satisfied",92,10,"Duras",No,"Marguerite",2,"IT Department","duras@it.com","",80,"Arora",No,"Akhilesh",3,"Nectar","","",3,"Nectar",No,"NEC-00",0,"","","",0,"","",0,"","",,"",0,"","",,"",21,"Helpdesk","",No,"Helpdesk",2,"IT Department",0,"","","","no","0s","","no","0s"
"I-000091","Ticket #21","Nectar","Frida Kahlo","2019-01-29 13:10:59","Assigned","Jean-Paul Sartre","2019-01-29 13:11:07",,2496006,"ticket by #21, issue raised for website loading","2019-01-30 12:23:14","No","","A department","2019-01-29 13:46:10","2019-02-27 11:06:16","Ongoing","phone","hold on","low","","","assistance","2019-01-29 13:11:39",40,"fix issue","Incident","low","","Very satisfied",91,8,"Sartre",No,"Jean-Paul",2,"IT Department","sartre@it.com","",7,"Kahlo",No,"Frida",3,"Nectar","frida.kahlo@demo.com","",3,"Nectar",No,"NEC-00",0,"","","",0,"","",1,"Computers and peripherals","Computers and peripherals",2,"IT Department",12,"Repair","Repair",1,"Computers and peripherals",23,"System & application support","",No,"System & application support",2,"IT Department",0,"","","","no","0s","","no","0s"
"I-000090","Ticket raised by application through client requirement...........","Nectar","Akhil Bhatiya","2019-01-29 13:08:19","Assigned","Marguerite Duras","2019-01-29 13:08:29",,0,"Ticket raised by application through client requirement...........","2019-01-04 13:00:00","No","","A department",,"2019-01-29 13:08:29","Ongoing","phone","","low","","","assistance",,,"","Incident","low","","Very satisfied",90,10,"Duras",No,"Marguerite",2,"IT Department","duras@it.com","",45,"Bhatiya",No,"Akhil",3,"Nectar","","",3,"Nectar",No,"NEC-00",0,"","","",0,"","",0,"","",,"",0,"","",,"",21,"Helpdesk","",No,"Helpdesk",2,"IT Department",0,"","","","no","0s","","no","0s"
"I-000089","Ticket Title111","Nectar","Arman Agarwal","2019-01-29 13:05:33","Assigned","Jules Verne","2019-01-29 13:05:48",,0,"Ticket Title111","2019-01-04 13:00:00","No","","A department",,"2019-01-29 13:05:48","Ongoing","phone","","low","","","assistance",,,"","Incident","low","","Very satisfied",89,9,"Verne",No,"Jules",2,"IT Department","vidyadhar@nectarinfotel.com","",62,"Agarwal",No,"Arman",3,"Nectar","puneteam@gmail.com","",3,"Nectar",No,"NEC-00",0,"","","",0,"","",0,"","",,"",0,"","",,"",21,"Helpdesk","",No,"Helpdesk",2,"IT Department",0,"","","","no","0s","","no","0s"
"I-000087","Ticket for mobile problem","Nectar","Erri De Luca","2019-01-29 12:46:44","Resolved","Jules Verne","2019-01-29 12:46:53",,0,"Ticket for mobile problem","2019-01-30 12:23:14","No","","A department",,"2019-01-29 12:51:30","Resolved","phone","","low","","","bug fixed","2019-01-29 12:51:30",286,"fix","Incident","low","","Very satisfied",87,9,"Verne",No,"Jules",2,"IT Department","vidyadhar@nectarinfotel.com","",17,"De Luca",No,"Erri",3,"Nectar","deluca@demo.com","",3,"Nectar",No,"NEC-00",0,"","","",0,"","",1,"Computers and peripherals","Computers and peripherals",2,"IT Department",16,"Troubleshooting","Troubleshooting",1,"Computers and peripherals",23,"System & application support","",No,"System & application support",2,"IT Department",0,"","","","no","0s","","no","0s"
"I-000083","Ticket Title10","DO","ghate Taran","2019-01-29 11:30:28","Assigned","Jean-Paul Sartre","2019-01-29 11:30:37",,0,"Ticket Title10","2019-01-04 13:00:00","No","","A department",,"2019-01-29 11:30:37","Ongoing","phone","","low","","","assistance",,,"","Incident","low","","Very satisfied",83,8,"Sartre",No,"Jean-Paul",2,"IT Department","sartre@it.com","",71,"Taran",Yes,"ghate",12,"DO","priyadigital245@gmail.com","7548965641",12,"DO",No,"006",0,"","","",0,"","",0,"","",,"",0,"","",,"",23,"System & application support","",No,"System & application support",2,"IT Department",0,"","","","no","0s","","no","0s"
"I-000082","Ticket Title9","DO","ghate Taran","2019-01-29 11:23:57","Assigned","Jules Verne","2019-01-29 11:24:07",,0,"Ticket Title9","2019-01-04 13:00:00","No","","A department",,"2019-01-29 11:24:07","Ongoing","phone","","low","","","assistance",,,"","Incident","low","","Very satisfied",82,9,"Verne",No,"Jules",2,"IT Department","vidyadhar@nectarinfotel.com","",71,"Taran",Yes,"ghate",12,"DO","priyadigital245@gmail.com","7548965641",12,"DO",No,"006",0,"","","",0,"","",0,"","",,"",0,"","",,"",21,"Helpdesk","",No,"Helpdesk",2,"IT Department",0,"","","","no","0s","","no","0s"
"I-000081","Ticket12","PMM","rohan warma","2019-01-29 11:22:25","Assigned","Jules Verne","2019-01-29 11:22:32",,0,"ticketscgfsgfs

sdfdsfd","2019-01-29 12:23:14","No","","A department",,"2019-01-29 17:27:42","Ongoing","phone","","low","","","assistance",,,"","Incident","low","","Very satisfied",81,9,"Verne",No,"Jules",2,"IT Department","vidyadhar@nectarinfotel.com","",72,"warma",No,"rohan",14,"PMM","priyadigital245@gmail.com","7548965641",14,"PMM",No,"008",0,"","","",0,"","",0,"","",,"",0,"","",,"",21,"Helpdesk","",No,"Helpdesk",2,"IT Department",0,"","","","no","0s","","no","0s"
"I-000080","Ticket Title8","DO","ghate Taran","2019-01-29 11:06:51","Assigned","Jules Verne","2019-01-29 11:06:57",,0,"Ticket Title8","2019-01-04 13:00:00","No","","A department",,"2019-01-29 11:06:57","Ongoing","phone","","low","","","assistance",,,"","Incident","low","","Very satisfied",80,9,"Verne",No,"Jules",2,"IT Department","vidyadhar@nectarinfotel.com","",71,"Taran",Yes,"ghate",12,"DO","priyadigital245@gmail.com","7548965641",12,"DO",No,"006",0,"","","",0,"","",0,"","",,"",0,"","",,"",23,"System & application support","",No,"System & application support",2,"IT Department",0,"","","","no","0s","","no","0s"
"I-000079","Ticket #20","PMM","Niraa raut","2019-01-29 10:57:56","Pending","Jules Verne","2019-01-29 10:58:05",,0,"Ticket generated by sonali","2019-01-30 12:23:14","No","","A department","2019-01-29 11:15:18","2019-01-29 11:15:18","Ongoing","phone","pending","low","","","assistance",,,"","Incident","low","","Very satisfied",79,9,"Verne",No,"Jules",2,"IT Department","vidyadhar@nectarinfotel.com","",74,"raut",No,"Niraa",14,"PMM","priyadigital245@gmail.com","7548965641",14,"PMM",No,"008",0,"","","",0,"","",0,"","",,"",0,"","",,"",21,"Helpdesk","",No,"Helpdesk",2,"IT Department",0,"","","","no","0s","","no","0s"
"I-000078","Ticket #16","DI","Acharya Shrvastav","2019-01-29 10:47:03","Assigned","Jules Verne","2019-01-29 10:47:13",,0,"ticket for incident","2019-01-30 12:23:14","No","","A department",,"2019-01-29 10:47:22","Ongoing","phone","","low","","","assistance",,,"","Incident","low","","Very satisfied",78,9,"Verne",No,"Jules",2,"IT Department","vidyadhar@nectarinfotel.com","",66,"Shrvastav",No,"Acharya",13,"DI","","",13,"DI",No,"007",0,"","","",0,"","",0,"","",,"",0,"","",,"",23,"System & application support","",No,"System & application support",2,"IT Department",0,"","","","no","0s","","no","0s"
"I-000077","Ticket Title8","DO","ghate Taran","2019-01-29 10:46:51","Assigned","Marguerite Duras","2019-01-29 10:47:03",,0,"Ticket Title8","2019-01-04 13:00:00","No","","A department",,"2019-01-29 10:47:03","Ongoing","phone","","low","","","assistance",,,"","Incident","low","","Very satisfied",77,10,"Duras",No,"Marguerite",2,"IT Department","duras@it.com","",71,"Taran",Yes,"ghate",12,"DO","priyadigital245@gmail.com","7548965641",12,"DO",No,"006",0,"","","",0,"","",0,"","",,"",0,"","",,"",21,"Helpdesk","",No,"Helpdesk",2,"IT Department",0,"","","","no","0s","","no","0s"
"I-000075","Ticket #19","PMM","Niraa raut","2019-01-29 10:37:36","Assigned","Marguerite Duras","2019-01-29 10:38:14",,0,"ticket raise for laptop problem","2019-01-29 12:23:14","No","","A department",,"2019-01-29 10:38:21","Ongoing","phone","","low","","","assistance",,,"","Incident","low","","Very satisfied",75,10,"Duras",No,"Marguerite",2,"IT Department","duras@it.com","",74,"raut",No,"Niraa",14,"PMM","priyadigital245@gmail.com","7548965641",14,"PMM",No,"008",0,"","","",0,"","",0,"","",,"",0,"","",,"",21,"Helpdesk","",No,"Helpdesk",2,"IT Department",0,"","","","no","0s","","no","0s"
"I-000074","Ticket Title7","DO","ghate Taran","2019-01-29 10:36:50","Pending","Jean-Paul Sartre","2019-01-29 10:36:58",,10,"Ticket Title7","2019-01-04 13:00:00","No","","A department","2019-01-29 10:39:11","2019-01-29 10:39:11","Ongoing","phone","n","low","","","assistance",,,"","Incident","low","","Very satisfied",74,8,"Sartre",No,"Jean-Paul",2,"IT Department","sartre@it.com","",71,"Taran",Yes,"ghate",12,"DO","priyadigital245@gmail.com","7548965641",12,"DO",No,"006",0,"","","",0,"","",0,"","",,"",0,"","",,"",23,"System & application support","",No,"System & application support",2,"IT Department",0,"","","","no","0s","","no","0s"
"I-000073","Ticket Title6","Business Development Executive","Business Business","2019-01-29 10:35:09","Assigned","Marguerite Duras","2019-01-29 10:35:15",,0,"Ticket Title6","2019-01-04 13:00:00","No","","A department",,"2019-01-29 10:35:15","Ongoing","phone","","low","","","assistance",,,"","Incident","low","","Very satisfied",73,10,"Duras",No,"Marguerite",2,"IT Department","duras@it.com","",73,"Business",No,"Business",7,"Business Development Executive","","",7,"Business Development Executive",Yes,"004",0,"","","",0,"","",0,"","",,"",0,"","",,"",21,"Helpdesk","",No,"Helpdesk",2,"IT Department",0,"","","","no","0s","","no","0s"
"I-000072","Ticket Title5","Business Development Executive","Business Business","2019-01-29 10:33:04","Assigned","Marguerite Duras","2019-01-29 10:33:09",,0,"Ticket Title5","2019-01-04 13:00:00","No","","A department",,"2019-01-29 10:33:09","Ongoing","phone","","low","","","assistance",,,"","Incident","low","","Very satisfied",72,10,"Duras",No,"Marguerite",2,"IT Department","duras@it.com","",64,"Business",No,"Business",7,"Business Development Executive","","12345",7,"Business Development Executive",Yes,"004",0,"","","",0,"","",0,"","",,"",0,"","",,"",21,"Helpdesk","",No,"Helpdesk",2,"IT Department",0,"","","","no","0s","","no","0s"
"I-000071","Ticket Title4","DO","ghate Taran","2019-01-29 10:31:36","Assigned","Jean-Paul Sartre","2019-01-29 10:31:41",,0,"Ticket Title4","2019-01-08 10:00:00","No","","A department",,"2019-01-29 10:31:41","Ongoing","phone","","low","","","assistance",,,"","Incident","low","","Very satisfied",71,8,"Sartre",No,"Jean-Paul",2,"IT Department","sartre@it.com","",71,"Taran",Yes,"ghate",12,"DO","priyadigital245@gmail.com","7548965641",12,"DO",No,"006",0,"","","",0,"","",0,"","",,"",0,"","",,"",23,"System & application support","",No,"System & application support",2,"IT Department",0,"","","","no","0s","","no","0s"
"I-000070","Ticket Title3","DI","jadhav Pardip","2019-01-29 10:29:56","Assigned","Jean-Paul Sartre","2019-01-29 10:30:01",,0,"Ticket Title3","2019-01-04 10:00:00","No","","A department",,"2019-01-29 10:30:01","Ongoing","phone","","low","","","assistance",,,"","Incident","low","","Very satisfied",70,8,"Sartre",No,"Jean-Paul",2,"IT Department","sartre@it.com","",68,"Pardip",No,"jadhav",13,"DI","priyadigital245@gmail.com","7548965641",13,"DI",No,"007",0,"","","",0,"","",0,"","",,"",0,"","",,"",23,"System & application support","",No,"System & application support",2,"IT Department",0,"","","","no","0s","","no","0s"
"I-000069","Ticket Title2","DO","ghate Taran","2019-01-29 10:28:21","Assigned","Marguerite Duras","2019-01-29 10:28:29",,0,"Ticket Title2","2019-01-04 10:00:00","No","","A department",,"2019-01-29 10:28:29","Ongoing","phone","","low","","","assistance",,,"","Incident","low","","Very satisfied",69,10,"Duras",No,"Marguerite",2,"IT Department","duras@it.com","",71,"Taran",Yes,"ghate",12,"DO","priyadigital245@gmail.com","7548965641",12,"DO",No,"006",0,"","","",0,"","",0,"","",,"",0,"","",,"",21,"Helpdesk","",No,"Helpdesk",2,"IT Department",0,"","","","no","0s","","no","0s"
"I-000068","Ticket Raised By Clien","DI","Acharya Shrvastav","2019-01-29 10:26:56","Assigned","Marguerite Duras","2019-01-29 10:27:02",,0,"Ticket Raised By Clien","2019-01-04 10:00:00","No","","A department",,"2019-01-29 10:27:02","Ongoing","phone","","low","","","assistance",,,"","Incident","low","","Very satisfied",68,10,"Duras",No,"Marguerite",2,"IT Department","duras@it.com","",66,"Shrvastav",No,"Acharya",13,"DI","","",13,"DI",No,"007",0,"","","",0,"","",0,"","",,"",0,"","",,"",21,"Helpdesk","",No,"Helpdesk",2,"IT Department",0,"","","","no","0s","","no","0s"
"I-000067","Ticket is raised by","DO","ghate Taran","2019-01-29 10:26:11","Assigned","Marguerite Duras","2019-01-29 10:26:17",,0,"Ticket is raised by","2019-01-04 10:00:00","No","","A department",,"2019-01-29 10:26:17","Ongoing","phone","","low","","","assistance",,,"","Incident","low","","Very satisfied",67,10,"Duras",No,"Marguerite",2,"IT Department","duras@it.com","",71,"Taran",Yes,"ghate",12,"DO","priyadigital245@gmail.com","7548965641",12,"DO",No,"006",0,"","","",0,"","",0,"","",,"",0,"","",,"",21,"Helpdesk","",No,"Helpdesk",2,"IT Department",0,"","","","no","0s","","no","0s"
"I-000066","Ticket #17","Nectar","Akhil Bhatiya","2019-01-29 10:26:07","Assigned","Ravindra Therade","2019-01-29 10:26:18",,0,"ticket raise","2019-01-29 12:23:14","No","","A department",,"2019-01-29 11:19:01","Ongoing","phone","","low","","","bug fixed","2019-01-29 10:28:02",115,"resolved","Incident","low","","Very satisfied",66,53,"Therade",No,"Ravindra",2,"IT Department","priyadigital245@gmail.com","",45,"Bhatiya",No,"Akhil",3,"Nectar","","",3,"Nectar",No,"NEC-00",0,"","","",0,"","",1,"Computers and peripherals","Computers and peripherals",2,"IT Department",12,"Repair","Repair",1,"Computers and peripherals",21,"Helpdesk","",No,"Helpdesk",2,"IT Department",0,"","","","no","0s","","no","0s"
"I-000065","Ticket Title2","DO","ghate Taran","2019-01-29 10:25:27","Assigned","Marguerite Duras","2019-01-29 10:25:33",,0,"Ticket Title2","2019-01-04 10:00:00","No","","A department",,"2019-01-29 10:25:33","Ongoing","phone","","low","","","assistance",,,"","Incident","low","","Very satisfied",65,10,"Duras",No,"Marguerite",2,"IT Department","duras@it.com","",71,"Taran",Yes,"ghate",12,"DO","priyadigital245@gmail.com","7548965641",12,"DO",No,"006",0,"","","",0,"","",0,"","",,"",0,"","",,"",21,"Helpdesk","",No,"Helpdesk",2,"IT Department",0,"","","","no","0s","","no","0s"
"I-000064","Ticket Title1","Business Development Executive","Business Business","2019-01-29 10:21:45","Assigned","Marguerite Duras","2019-01-29 10:21:51",,0,"Ticket Title1","2019-01-04 10:00:00","No","","A department",,"2019-01-29 10:21:51","Ongoing","phone","","low","","","assistance",,,"","Incident","low","","Very satisfied",64,10,"Duras",No,"Marguerite",2,"IT Department","duras@it.com","",64,"Business",No,"Business",7,"Business Development Executive","","12345",7,"Business Development Executive",Yes,"004",0,"","","",0,"","",0,"","",,"",0,"","",,"",21,"Helpdesk","",No,"Helpdesk",2,"IT Department",0,"","","","no","0s","","no","0s"
"I-000063","Ticket Title","Nectar","Acharya Shrvastav","2019-01-29 10:19:20","Resolved","Marguerite Duras","2019-01-29 10:19:28",,0,"Ticket Title","2019-01-23 00:00:00","No","","A department",,"2019-01-29 10:19:54","Resolved","phone","","low","","","bug fixed","2019-01-29 10:19:54",34,"Assign","Incident","low","","Very satisfied",63,10,"Duras",No,"Marguerite",2,"IT Department","duras@it.com","",58,"Shrvastav",No,"Acharya",3,"Nectar","","",3,"Nectar",No,"NEC-00",0,"","","",0,"","",2,"Software","Software",2,"IT Department",15,"Troubleshooting","Troubleshooting",2,"Software",21,"Helpdesk","",No,"Helpdesk",2,"IT Department",0,"","","","no","0s","","no","0s"
"I-000062","Title1","Sales Department","ten Ben","2019-01-29 08:45:14","Assigned","Marguerite Duras","2019-01-29 08:45:20",,0,"Title1","2019-01-04 10:00:00","No","","A department",,"2019-01-29 08:45:20","Ongoing","phone","","low","","","assistance",,,"","Incident","low","","Very satisfied",62,10,"Duras",No,"Marguerite",2,"IT Department","duras@it.com","",47,"Ben",No,"ten",8,"Sales Department","","",8,"Sales Department",Yes,"00",0,"","","",0,"","",0,"","",,"",0,"","",,"",21,"Helpdesk","",No,"Helpdesk",2,"IT Department",0,"","","","no","0s","","no","0s"
"I-000061","Title Ticket","Business Development Executive","Business Business","2019-01-29 08:42:55","Assigned","Ravindra Therade","2019-01-29 08:43:07",,0,"Title Ticket","2019-01-04 10:00:00","No","","A department",,"2019-01-29 08:43:07","Ongoing","phone","","low","","","assistance",,,"","Incident","low","","Very satisfied",61,53,"Therade",No,"Ravindra",2,"IT Department","priyadigital245@gmail.com","",64,"Business",No,"Business",7,"Business Development Executive","","12345",7,"Business Development Executive",Yes,"004",0,"","","",0,"","",0,"","",,"",0,"","",,"",21,"Helpdesk","",No,"Helpdesk",2,"IT Department",0,"","","","no","0s","","no","0s"
"I-000058","network problem in PC","DSI","Kadam Rajeev","2019-01-29 08:15:19","Assigned","Jules Verne","2019-01-29 08:16:12",,0,"need to resolve this issue","2019-01-30 12:23:14","No","","A department",,"2019-01-29 08:20:58","Ongoing","phone","","low","","","assistance",,,"","Incident","low","","Very satisfied",58,9,"Verne",No,"Jules",2,"IT Department","vidyadhar@nectarinfotel.com","",70,"Rajeev",No,"Kadam",11,"DSI","priyadigital245@gmail.com","7548965641",11,"DSI",No,"005",0,"","","",0,"","",0,"","",,"",0,"","",,"",23,"System & application support","",No,"System & application support",2,"IT Department",0,"","","","no","0s","","no","0s"
"I-000057","network problem","PMM","rohan warma","2019-01-29 07:49:17","Assigned","Marguerite Duras","2019-01-29 07:50:49",,0,"internet is not working","2019-01-30 12:23:14","No","","A department",,"2019-01-29 07:59:32","Ongoing","phone","","low","","","assistance",,,"","Incident","low","","Very satisfied",57,10,"Duras",No,"Marguerite",2,"IT Department","duras@it.com","",72,"warma",No,"rohan",14,"PMM","priyadigital245@gmail.com","7548965641",14,"PMM",No,"008",0,"","","",0,"","",0,"","",,"",0,"","",,"",21,"Helpdesk","",No,"Helpdesk",2,"IT Department",0,"","","","no","0s","","no","0s"
"I-000056","Ticket #16","PMM","rohan warma","2019-01-29 05:31:11","Assigned","Ravindra Therade","2019-01-29 05:31:17",,38,"ticket raise on 29-01-2019","2019-01-29 12:23:14","No","","A department","2019-01-29 05:31:41","2019-01-29 05:32:19","Ongoing","phone","on hold","low","","","assistance",,,"","Incident","low","","Very satisfied",56,53,"Therade",No,"Ravindra",2,"IT Department","priyadigital245@gmail.com","",72,"warma",No,"rohan",14,"PMM","priyadigital245@gmail.com","7548965641",14,"PMM",No,"008",0,"","","",0,"","",0,"","",,"",0,"","",,"",21,"Helpdesk","",No,"Helpdesk",2,"IT Department",0,"","","","no","0s","","no","0s"
"I-000055","Ticket #16","DSI","Kadam Rajeev","2019-01-28 12:57:53","Assigned","Victor Hugo","2019-01-28 12:58:01",,0,"ticket 17 raise","2019-01-28 12:23:14","No","","A department",,"2019-01-28 12:58:56","Ongoing","phone","","low","","","assistance",,,"","Incident","low","","Very satisfied",55,13,"Hugo",No,"Victor",2,"IT Department","hugo@it.com","",70,"Rajeev",No,"Kadam",11,"DSI","priyadigital245@gmail.com","7548965641",11,"DSI",No,"005",0,"","","",0,"","",0,"","",,"",0,"","",,"",21,"Helpdesk","",No,"Helpdesk",2,"IT Department",0,"","","","no","0s","","no","0s"
"I-000054","Ticket #16","PMM","rohan warma","2019-01-28 12:01:05","Pending","Victor Hugo","2019-01-28 12:01:11",,0,"tickets","2019-01-28 12:23:14","No","","A department","2019-01-28 12:01:32","2019-01-28 12:01:32","Ongoing","phone","hold","low","","","assistance",,,"","Incident","low","","Very satisfied",54,13,"Hugo",No,"Victor",2,"IT Department","hugo@it.com","",72,"warma",No,"rohan",14,"PMM","priyadigital245@gmail.com","7548965641",14,"PMM",No,"008",0,"","","",0,"","",0,"","",,"",0,"","",,"",21,"Helpdesk","",No,"Helpdesk",2,"IT Department",0,"","","","no","0s","","no","0s"
"I-000053","Ticket #15","PMM","rohan warma","2019-01-28 11:17:18","Assigned","Victor Hugo","2019-01-28 11:17:25",,0,"ticket for testing","2019-01-28 12:23:14","No","","A department",,"2019-01-28 11:17:25","Ongoing","phone","","low","","","assistance",,,"","Incident","low","","Very satisfied",53,13,"Hugo",No,"Victor",2,"IT Department","hugo@it.com","",72,"warma",No,"rohan",14,"PMM","priyadigital245@gmail.com","7548965641",14,"PMM",No,"008",0,"","","",0,"","",0,"","",,"",0,"","",,"",21,"Helpdesk","",No,"Helpdesk",2,"IT Department",0,"","","","no","0s","","no","0s"
"I-000052","Ticket #14","Nectar","Agatha Christiee","2019-01-28 10:57:31","Resolved","Jules Verne","2019-01-28 10:57:37",,0,"need to check resolved functionality","2019-01-28 12:23:14","No","","A department",,"2019-01-28 10:57:47","Resolved","phone","","low","","","assistance","2019-01-28 10:57:47",16,"hold","Incident","low","","Very satisfied",52,9,"Verne",No,"Jules",2,"IT Department","vidyadhar@nectarinfotel.com","",14,"Christiee",No,"Agatha",3,"Nectar","christie@demo.com","",3,"Nectar",No,"NEC-00",0,"","","",0,"","",3,"Telecom and connectivity","Telecom and connectivity",2,"IT Department",4,"Network Troubleshooting","Network Troubleshooting",3,"Telecom and connectivity",23,"System & application support","",No,"System & application support",2,"IT Department",0,"","","","no","0s","","no","0s"
"I-000051","Ticket #13","Nectar","Agatha Christiee","2019-01-28 10:56:35","Resolved","Victor Hugo","2019-01-28 10:56:41",,0,"hi","2019-01-28 12:23:14","No","","A department",,"2019-01-28 10:56:55","Resolved","phone","","low","","","assistance","2019-01-28 10:56:55",20,"close","Incident","low","","Very satisfied",51,13,"Hugo",No,"Victor",2,"IT Department","hugo@it.com","",14,"Christiee",No,"Agatha",3,"Nectar","christie@demo.com","",3,"Nectar",No,"NEC-00",0,"","","",0,"","",1,"Computers and peripherals","Computers and peripherals",2,"IT Department",12,"Repair","Repair",1,"Computers and peripherals",21,"Helpdesk","",No,"Helpdesk",2,"IT Department",0,"","","","no","0s","","no","0s"
"I-000050","Ticket #12","DO","ghate Taran","2019-01-28 10:48:49","Pending","Jules Verne","2019-01-28 10:48:54",,0,"ticket","2019-01-28 12:23:14","No","","A department","2019-01-28 10:52:55","2019-01-28 10:52:55","Ongoing","phone","Need to update from other","low","","","assistance",,,"","Incident","low","","Very satisfied",50,9,"Verne",No,"Jules",2,"IT Department","vidyadhar@nectarinfotel.com","",71,"Taran",Yes,"ghate",12,"DO","priyadigital245@gmail.com","7548965641",12,"DO",No,"006",0,"","","",0,"","",0,"","",,"",0,"","",,"",23,"System & application support","",No,"System & application support",2,"IT Department",0,"","","","no","0s","","no","0s"
"I-000049","Ticket #11","DSI","Kadam Rajeev","2019-01-28 10:43:07","Assigned","Marguerite Duras","2019-01-28 10:43:14",,0,"Ticket created for DSI","2019-01-28 12:23:14","No","","A department",,"2019-01-28 10:43:14","Ongoing","phone","","low","","","assistance",,,"","Incident","low","","Very satisfied",49,10,"Duras",No,"Marguerite",2,"IT Department","duras@it.com","",70,"Rajeev",No,"Kadam",11,"DSI","priyadigital245@gmail.com","7548965641",11,"DSI",No,"005",0,"","","",0,"","",0,"","",,"",0,"","",,"",21,"Helpdesk","",No,"Helpdesk",2,"IT Department",0,"","","","no","0s","","no","0s"
"I-000048","Ticket #9","DI","khade sonam","2019-01-28 10:38:01","Assigned","Jules Verne","2019-01-28 10:38:08",,0,"ticket for testing","2019-01-28 12:23:14","No","","A department",,"2019-01-28 10:38:08","Ongoing","phone","","low","","","assistance",,,"","Incident","low","","Very satisfied",48,9,"Verne",No,"Jules",2,"IT Department","vidyadhar@nectarinfotel.com","",69,"sonam",No,"khade",13,"DI","priyadigital245@gmail.com","7548965641",13,"DI",No,"007",0,"","","",0,"","",0,"","",,"",0,"","",,"",21,"Helpdesk","",No,"Helpdesk",2,"IT Department",0,"","","","no","0s","","no","0s"
"I-000046","Ticket ticket","My Company/Department","n n","2019-01-28 10:33:01","Assigned","Marguerite Duras","2019-01-28 10:33:12",,0,"Ticket ticket","2019-01-26 10:00:00","No","","A department",,"2019-01-28 10:33:12","Ongoing","phone","","low","","","assistance",,,"","Incident","low","","Very satisfied",46,10,"Duras",No,"Marguerite",2,"IT Department","duras@it.com","",24,"n",No,"n",1,"My Company/Department","n@gmail.com","n",1,"My Company/Department",No,"SOMECODE",0,"","","",0,"","",0,"","",,"",0,"","",,"",21,"Helpdesk","",No,"Helpdesk",2,"IT Department",0,"","","","no","0s","","no","0s"
"I-000045","ticket created","IT Department","Jean Cocteau","2019-01-28 10:01:40","Assigned","Jean-Paul Sartre","2019-01-28 10:01:47",,32,"ticket created","2019-01-23 10:00:00","No","","A department","2019-01-28 10:02:23","2019-01-28 10:02:55","Ongoing","phone","n","low","","","assistance",,,"","Incident","low","","Very satisfied",45,8,"Sartre",No,"Jean-Paul",2,"IT Department","sartre@it.com","",6,"Cocteau",No,"Jean",2,"IT Department","cocteau@it.com","",2,"IT Department",No,"IT",0,"","","",0,"","",0,"","",,"",0,"","",,"",23,"System & application support","",No,"System & application support",2,"IT Department",0,"","","","no","0s","","no","0s"
"I-000044","ticket number","IT Department","Arya Arora","2019-01-28 09:59:35","Assigned","Jules Verne","2019-01-28 09:59:42",,0,"ticket number","2019-01-23 00:00:00","No","","A department",,"2019-01-28 09:59:42","Ongoing","phone","","low","","","assistance",,,"","Incident","low","","Very satisfied",44,9,"Verne",No,"Jules",2,"IT Department","vidyadhar@nectarinfotel.com","",46,"Arora",No,"Arya",2,"IT Department","","",2,"IT Department",No,"IT",0,"","","",0,"","",0,"","",,"",0,"","",,"",23,"System & application support","",No,"System & application support",2,"IT Department",0,"","","","no","0s","","no","0s"
"I-000043","ticket1","My Company/Department","My first name My last name","2019-01-28 08:41:54","Assigned","Jules Verne","2019-01-28 08:42:01",,0,"t","2019-01-23 00:00:00","No","","A department",,"2019-01-28 08:42:01","Ongoing","phone","","low","","","assistance",,,"","Incident","low","","Very satisfied",43,9,"Verne",No,"Jules",2,"IT Department","vidyadhar@nectarinfotel.com","",1,"My last name",No,"My first name",1,"My Company/Department","my.email@foo.org","",1,"My Company/Department",No,"SOMECODE",0,"","","",0,"","",0,"","",,"",0,"","",,"",23,"System & application support","",No,"System & application support",2,"IT Department",0,"","","","no","0s","","no","0s"
"I-000042","Ticket #09","Business Development Executive","Khanna Pardes","2019-01-28 08:28:43","Assigned","Jules Verne","2019-01-28 08:28:48",,106,"ticket generated","2019-01-28 12:23:14","No","","A department","2019-01-28 08:29:04","2019-01-28 08:31:11","Ongoing","phone","pending status","low","","========== 2019-01-28 08:28:43 : My first name My last name (1) ============ ticket update for inactive status","assistance",,,"","Incident","low","","Very satisfied",42,9,"Verne",No,"Jules",2,"IT Department","vidyadhar@nectarinfotel.com","",59,"Pardes",No,"Khanna",7,"Business Development Executive","priyadigital245@gmail.com","7548965641",7,"Business Development Executive",Yes,"004",0,"","","",0,"","",0,"","",,"",0,"","",,"",21,"Helpdesk","",No,"Helpdesk",2,"IT Department",0,"","","","no","0s","","no","0s"
"I-000041","Ticket #07","Sales Department","Kumar Agrawal","2019-01-28 08:25:18","Assigned","Marguerite Duras","2019-01-28 08:25:26",,0,"ticket update for inactive status","2019-01-28 12:23:14","No","","A department",,"2019-01-28 08:25:26","Ongoing","phone","","low","","","assistance",,,"","Incident","low","","Very satisfied",41,10,"Duras",No,"Marguerite",2,"IT Department","duras@it.com","",37,"Agrawal",No,"Kumar",8,"Sales Department","","",8,"Sales Department",Yes,"00",0,"","","",0,"","",0,"","",,"",0,"","",,"",21,"Helpdesk","",No,"Helpdesk",2,"IT Department",0,"","","","no","0s","","no","0s"
"I-000040","IT","IT Department","Arya Arora","2019-01-28 07:16:34","Assigned","Ravindra Therade","2019-01-28 08:34:54",,0,"IT","2018-01-29 00:00:00","No","","A department",,"2019-01-28 08:34:54","Ongoing","phone","","low","========== 2019-01-28 07:16:34 : My first name My last name (1) ============ IT","========== 2019-01-28 07:16:34 : My first name My last name (1) ============ IT","assistance",,,"","Incident","low","","Very satisfied",40,53,"Therade",No,"Ravindra",2,"IT Department","priyadigital245@gmail.com","",46,"Arora",No,"Arya",2,"IT Department","","",2,"IT Department",No,"IT",0,"","","",0,"","",0,"","",,"",0,"","",,"",21,"Helpdesk","",No,"Helpdesk",2,"IT Department",0,"","","","no","0s","","no","0s"
"I-000039","Ticket #04","IT Department","Akhilesh Yada","2019-01-28 07:08:33","Assigned","Jules Verne","2019-01-28 07:08:46",,0,"ticket raised","2019-01-28 12:23:14","No","","A department",,"2019-01-28 07:12:52","Ongoing","phone","","low","","","assistance",,,"","Incident","low","","Very satisfied",39,9,"Verne",No,"Jules",2,"IT Department","vidyadhar@nectarinfotel.com","",54,"Yada",No,"Akhilesh",2,"IT Department","","",2,"IT Department",No,"IT",0,"","","",0,"","",0,"","",,"",0,"","",,"",23,"System & application support","",No,"System & application support",2,"IT Department",0,"","","","no","0s","","no","0s"
"I-000038","Ticket #03","Nectar","Agatha Christiee","2019-01-28 06:52:22","Assigned","Jules Verne","2019-01-28 07:07:47",,0,"ticket for agent update","2019-01-28 12:23:14","No","","A department",,"2019-01-28 07:07:47","Ongoing","phone","","low","","","assistance",,,"","Incident","low","","Very satisfied",38,9,"Verne",No,"Jules",2,"IT Department","vidyadhar@nectarinfotel.com","",14,"Christiee",No,"Agatha",3,"Nectar","christie@demo.com","",3,"Nectar",No,"NEC-00",0,"","","",0,"","",0,"","",,"",0,"","",,"",21,"Helpdesk","",No,"Helpdesk",2,"IT Department",0,"","","","no","0s","","no","0s"
"I-000037","Number","Nectar","Babeg Charles","2019-01-28 06:10:49","Assigned","Marguerite Duras","2019-01-28 06:10:55",,0,"Number","2019-01-30 00:00:00","No","","A department",,"2019-01-28 06:10:55","Ongoing","phone","","low","","","assistance",,,"","Incident","low","","Very satisfied",37,10,"Duras",No,"Marguerite",2,"IT Department","duras@it.com","",50,"Charles",Yes,"Babeg",3,"Nectar","","",3,"Nectar",No,"NEC-00",0,"","","",0,"","",0,"","",,"",0,"","",,"",21,"Helpdesk","",No,"Helpdesk",2,"IT Department",0,"","","","no","0s","","no","0s"
"I-000036","Ticket raise by sonali","IT Department","Akhilesh Yada","2019-01-28 05:54:49","Assigned","Victor Hugo","2019-01-28 07:15:15",,0,"Ticket raise by sonali","2019-01-28 12:11:00","No","","A department",,"2019-01-28 07:15:15","Ongoing","phone","","low","","","assistance",,,"","Incident","low","","Very satisfied",36,13,"Hugo",No,"Victor",2,"IT Department","hugo@it.com","",54,"Yada",No,"Akhilesh",2,"IT Department","","",2,"IT Department",No,"IT",0,"","","",0,"","",0,"","",,"",0,"","",,"",21,"Helpdesk","",No,"Helpdesk",2,"IT Department",0,"","","","no","0s","","no","0s"
"I-000035","Ticket#10","IT Department","Akhilesh Yada","2019-01-28 05:48:17","Assigned","Jean-Paul Sartre","2019-01-28 07:18:01",,0,"ticket for testing","2019-01-28 00:12:23","No","","A department",,"2019-01-28 07:18:01","Ongoing","phone","","low","","========== 2019-01-28 05:48:17 : My first name My last name (1) ============ ticket for testing","assistance",,,"","Incident","low","","Very satisfied",35,8,"Sartre",No,"Jean-Paul",2,"IT Department","sartre@it.com","",54,"Yada",No,"Akhilesh",2,"IT Department","","",2,"IT Department",No,"IT",0,"","","",0,"","",0,"","",,"",0,"","",,"",23,"System & application support","",No,"System & application support",2,"IT Department",0,"","","","no","0s","","no","0s"
"I-000034","ticket1111","Nectar","Akhil Bhatiya","2019-01-25 10:39:21","Assigned","Jules Verne","2019-01-28 07:18:31",,0,"ticket1","2019-01-23 10:00:00","No","","A department",,"2019-01-28 07:33:46","Ongoing","phone","","low","","","other","2019-01-28 07:33:14",248033,"testing for this ticket close","Incident","low","","Very satisfied",34,9,"Verne",No,"Jules",2,"IT Department","vidyadhar@nectarinfotel.com","",45,"Bhatiya",No,"Akhil",3,"Nectar","","",3,"Nectar",No,"NEC-00",0,"","","",0,"","",2,"Software","Software",2,"IT Department",15,"Troubleshooting","Troubleshooting",2,"Software",23,"System & application support","",No,"System & application support",2,"IT Department",0,"","","","no","0s","","no","0s"
"I-000033","ticket by modify by sonali","Business Development Executive","Khanna Pardes","2019-01-25 10:27:44","Assigned","Victor Hugo","2019-01-28 07:23:25",,0,"tickett","2019-01-30 10:00:00","No","","A department",,"2019-01-28 07:23:25","Ongoing","phone","","low","","","assistance",,,"","Incident","low","","Very satisfied",33,13,"Hugo",No,"Victor",2,"IT Department","hugo@it.com","",59,"Pardes",No,"Khanna",7,"Business Development Executive","priyadigital245@gmail.com","7548965641",7,"Business Development Executive",Yes,"004",0,"","","",0,"","",0,"","",,"",0,"","",,"",21,"Helpdesk","",No,"Helpdesk",2,"IT Department",0,"","","","no","0s","","no","0s"
"I-000031","Ticket done","My Company/Department","n n","2019-01-25 10:09:01","Assigned","Jean-Paul Sartre","2019-01-28 07:17:37",,0,"Ticket done","2019-01-30 10:00:00","No","","A department",,"2019-01-28 07:17:37","Ongoing","phone","","low","","","assistance",,,"","Incident","low","","Very satisfied",31,8,"Sartre",No,"Jean-Paul",2,"IT Department","sartre@it.com","",24,"n",No,"n",1,"My Company/Department","n@gmail.com","n",1,"My Company/Department",No,"SOMECODE",0,"","","",0,"","",0,"","",,"",0,"","",,"",23,"System & application support","",No,"System & application support",2,"IT Department",0,"","","","no","0s","","no","0s"
"I-000030","Ticket #9","IT Department","Anna Gavalda","2019-01-25 10:06:54","Pending","Jean-Paul Sartre","2019-01-28 07:34:59",,0,"ticket","2019-01-24 12:23:14","No","","A department","2019-03-06 11:38:15","2019-03-06 11:38:15","Ongoing","phone","pending","low","","","assistance",,,"","Incident","low","","Very satisfied",30,8,"Sartre",No,"Jean-Paul",2,"IT Department","sartre@it.com","",2,"Gavalda",No,"Anna",2,"IT Department","gavalda@it.com","",2,"IT Department",No,"IT",0,"","","",0,"","",0,"","",,"",0,"","",,"",23,"System & application support","",No,"System & application support",2,"IT Department",0,"","","","no","0s","","no","0s"
"I-000029","ticket raised issue","My Company/Department","Ram Kumar","2019-01-25 10:06:31","Assigned","Marguerite Duras","2019-01-25 10:06:38",,0,"ticket raised issue","2019-01-30 10:00:00","No","","A department",,"2019-01-25 10:06:38","Ongoing","phone","","low","","","assistance",,,"","Incident","low","","Very satisfied",29,10,"Duras",No,"Marguerite",2,"IT Department","duras@it.com","",31,"Kumar",No,"Ram",1,"My Company/Department","theraderutu@gmail.com","7548965641",1,"My Company/Department",No,"SOMECODE",0,"","","",0,"","",0,"","",,"",0,"","",,"",21,"Helpdesk","",No,"Helpdesk",2,"IT Department",0,"","","","no","0s","","no","0s"
"I-000028","ticket1111","IT Department","Jean Cocteau","2019-01-25 10:03:25","Assigned","Jules Verne","2019-01-28 08:21:03",,0,"11","2019-01-30 10:00:00","No","","A department",,"2019-01-28 08:21:03","Ongoing","phone","","low","","","assistance",,,"","Incident","low","","Very satisfied",28,9,"Verne",No,"Jules",2,"IT Department","vidyadhar@nectarinfotel.com","",6,"Cocteau",No,"Jean",2,"IT Department","cocteau@it.com","",2,"IT Department",No,"IT",0,"","","",0,"","",0,"","",,"",0,"","",,"",21,"Helpdesk","",No,"Helpdesk",2,"IT Department",0,"","","","no","0s","","no","0s"
"I-000027","Ticket Raised","IT Department","Boris Vian","2019-01-25 09:50:45","Pending","Jules Verne","2019-01-25 09:50:53",,0,"Ticket Raised","2019-01-30 10:00:00","No","","A department","2019-01-28 08:35:40","2019-01-28 08:35:40","Ongoing","phone","pending","low","","","assistance",,,"","Incident","low","","Very satisfied",27,9,"Verne",No,"Jules",2,"IT Department","vidyadhar@nectarinfotel.com","",15,"Vian",No,"Boris",2,"IT Department","vian@it.com","",2,"IT Department",No,"IT",0,"","","",0,"","",0,"","",,"",0,"","",,"",23,"System & application support","",No,"System & application support",2,"IT Department",0,"","","","no","0s","","no","0s"
"I-000026","Company details","IT Department","Shree RAj","2019-01-25 09:41:59","Assigned","Marguerite Duras","2019-01-28 07:42:16",,0,"Company details","2019-01-30 10:00:00","No","","A department",,"2019-01-28 07:42:16","Ongoing","phone","","low","","","assistance",,,"","Incident","low","","Very satisfied",26,10,"Duras",No,"Marguerite",2,"IT Department","duras@it.com","",42,"RAj",No,"Shree",2,"IT Department","theraderutu@gmail.com","7548965641",2,"IT Department",No,"IT",0,"","","",0,"","",0,"","",,"",0,"","",,"",21,"Helpdesk","",No,"Helpdesk",2,"IT Department",0,"","","","no","0s","","no","0s"
"I-000025","ticket1","Sales Department","Kumar Agrawal","2019-01-25 09:37:20","Assigned","Jean-Paul Sartre","2019-01-28 10:08:40",,0,"ticket","2019-01-23 10:00:00","No","","A department",,"2019-01-28 10:08:40","Ongoing","phone","","low","","","assistance",,,"","Incident","low","","Very satisfied",25,8,"Sartre",No,"Jean-Paul",2,"IT Department","sartre@it.com","",37,"Agrawal",No,"Kumar",8,"Sales Department","","",8,"Sales Department",Yes,"00",0,"","","",0,"","",0,"","",,"",0,"","",,"",23,"System & application support","",No,"System & application support",2,"IT Department",0,"","","","no","0s","","no","0s"
"I-000024","Ticket #9","My Company/Department","Ram Kumar","2019-01-25 07:44:26","Pending","Jean-Paul Sartre","2019-01-28 07:43:45",,0,"ticket generation",,"No","","A department","2019-01-28 07:44:19","2019-01-28 07:44:19","Ongoing","phone","pending due to new agent not able to view","low","","","assistance",,,"","Incident","low","","Very satisfied",24,8,"Sartre",No,"Jean-Paul",2,"IT Department","sartre@it.com","",31,"Kumar",No,"Ram",1,"My Company/Department","theraderutu@gmail.com","7548965641",1,"My Company/Department",No,"SOMECODE",0,"","","",0,"","",0,"","",,"",0,"","",,"",23,"System & application support","",No,"System & application support",2,"IT Department",0,"","","","no","0s","","no","0s"
"I-000023","Ticket #8","IT Department","Boris Vian","2019-01-25 06:47:13","Assigned","Jules Verne","2019-01-28 07:45:01",,0,"ticket for new issue","2019-01-25 12:23:14","No","","A department",,"2019-01-28 07:45:17","Ongoing","phone","","low","","","assistance",,,"","Incident","low","","Very satisfied",23,9,"Verne",No,"Jules",2,"IT Department","vidyadhar@nectarinfotel.com","",15,"Vian",No,"Boris",2,"IT Department","vian@it.com","",2,"IT Department",No,"IT",0,"","","",0,"","",0,"","",,"",0,"","",,"",21,"Helpdesk","",No,"Helpdesk",2,"IT Department",0,"","","","no","0s","","no","0s"
"I-000022","Ticket10","IT Department","Jean Cocteau","2019-01-25 05:51:57","Assigned","Jean-Paul Sartre","2019-01-25 05:52:08",,14,"ticket","2019-01-28 10:00:00","No","","A department","2019-01-25 10:07:55","2019-01-25 10:08:09","Ongoing","phone","Not valid","low","","","assistance",,,"","Incident","low","","Very satisfied",22,8,"Sartre",No,"Jean-Paul",2,"IT Department","sartre@it.com","",6,"Cocteau",No,"Jean",2,"IT Department","cocteau@it.com","",2,"IT Department",No,"IT",0,"","","",0,"","",0,"","",,"",0,"","",,"",23,"System & application support","",No,"System & application support",2,"IT Department",0,"","","","no","0s","","no","0s"
"I-000021","ticket7","My Company/Department","Ram Kumar","2019-01-24 14:26:38","Assigned","Marguerite Duras","2019-01-29 10:19:59",,0,"Ticket","2019-02-21 10:00:00","No","","A department",,"2019-01-29 10:19:59","Ongoing","phone","","low","","","assistance",,,"","Incident","low","","Very satisfied",21,10,"Duras",No,"Marguerite",2,"IT Department","duras@it.com","",31,"Kumar",No,"Ram",1,"My Company/Department","theraderutu@gmail.com","7548965641",1,"My Company/Department",No,"SOMECODE",0,"","","",0,"","",0,"","",,"",0,"","",,"",21,"Helpdesk","",No,"Helpdesk",2,"IT Department",0,"","","","no","0s","","no","0s"
"I-000020","Ticket6","IT Department","Gustave Flaubert","2019-01-24 14:20:48","Assigned","Jules Verne","2019-01-29 10:20:21",,0,"Need","2019-02-02 10:00:00","No","","A department",,"2019-01-29 10:20:21","Ongoing","phone","","low","","","assistance",,,"","Incident","low","","Very satisfied",20,9,"Verne",No,"Jules",2,"IT Department","vidyadhar@nectarinfotel.com","",5,"Flaubert",No,"Gustave",2,"IT Department","flaubert@it.com","",2,"IT Department",No,"IT",0,"","","",0,"","",0,"","",,"",0,"","",,"",23,"System & application support","",No,"System & application support",2,"IT Department",0,"","","","no","0s","","no","0s"
"I-000019","Ticket5","IT Department","Boris Vian","2019-01-24 14:19:48","Assigned","Jean-Paul Sartre","2019-01-24 14:19:55",,0,"Need of ticket for Nerrotrac project","2019-01-26 10:00:00","No","","A department",,"2019-01-24 14:19:55","Ongoing","phone","","low","","","assistance",,,"","Incident","low","","Very satisfied",19,8,"Sartre",No,"Jean-Paul",2,"IT Department","sartre@it.com","",15,"Vian",No,"Boris",2,"IT Department","vian@it.com","",2,"IT Department",No,"IT",0,"","","",0,"","",0,"","",,"",0,"","",,"",23,"System & application support","",No,"System & application support",2,"IT Department",0,"","","","no","0s","","no","0s"
"I-000017","Ticket #7","My Company/Department","n n","2019-01-24 12:01:48","Assigned","Jules Verne","2019-01-28 10:09:22",,0,"ticket#7 raise","2019-01-24 12:23:14","No","","A department",,"2019-01-28 10:09:45","Ongoing","phone","","low","","","assistance",,,"","Incident","low","","Very satisfied",17,9,"Verne",No,"Jules",2,"IT Department","vidyadhar@nectarinfotel.com","",24,"n",No,"n",1,"My Company/Department","n@gmail.com","n",1,"My Company/Department",No,"SOMECODE",0,"","","",0,"","",0,"","",,"",0,"","",,"",21,"Helpdesk","",No,"Helpdesk",2,"IT Department",0,"","","","no","0s","","no","0s"
"I-000016","Ticket #6","My Company/Department","Ram Shrvastav","2019-01-24 11:58:39","Assigned","Marguerite Duras","2019-01-29 10:20:49",,0,"ticket for complaint","2019-01-24 12:23:14","No","","A department",,"2019-01-29 10:20:49","Ongoing","phone","","low","","","assistance",,,"","Incident","low","","Very satisfied",16,10,"Duras",No,"Marguerite",2,"IT Department","duras@it.com","",26,"Shrvastav",No,"Ram",1,"My Company/Department","","",1,"My Company/Department",No,"SOMECODE",0,"","","",0,"","",0,"","",,"",0,"","",,"",21,"Helpdesk","",No,"Helpdesk",2,"IT Department",0,"","","","no","0s","","no","0s"
"I-000015","Ticket#5","My Company/Department","Ram Shrvastav","2019-01-24 11:50:33","Assigned","Victor Hugo","2019-01-29 10:21:29",,0,"raise ticket#5",,"No","","A department",,"2019-01-29 10:21:29","Ongoing","phone","","low","","========== 2019-01-24 11:51:32 : My first name My last name (1) ============ ticket#5","assistance",,,"","Incident","low","","Very satisfied",15,13,"Hugo",No,"Victor",2,"IT Department","hugo@it.com","",26,"Shrvastav",No,"Ram",1,"My Company/Department","","",1,"My Company/Department",No,"SOMECODE",0,"","","",0,"","",0,"","",,"",0,"","",,"",21,"Helpdesk","",No,"Helpdesk",2,"IT Department",0,"","","","no","0s","","no","0s"
"I-000014","Ticket#3","IT Department","Boris Vian","2019-01-24 11:25:22","Assigned","Jules Verne","2019-01-24 11:47:40",,0,"ticket send",,"No","","A department",,"2019-01-24 11:47:40","Ongoing","phone","","low","","","assistance",,,"","Incident","low","","Very satisfied",14,9,"Verne",No,"Jules",2,"IT Department","vidyadhar@nectarinfotel.com","",15,"Vian",No,"Boris",2,"IT Department","vian@it.com","",2,"IT Department",No,"IT",0,"","","",0,"","",0,"","",,"",0,"","",,"",23,"System & application support","",No,"System & application support",2,"IT Department",0,"","","","no","0s","","no","0s"
"I-000013","Ticket#4","IT Department","Anna Gavalda","2019-01-24 11:20:09","Assigned","Marguerite Duras","2019-01-28 10:49:41",,14,"raise ticket for data creation",,"No","","A department","2019-01-28 10:50:04","2019-01-28 10:50:18","Ongoing","phone","pending from DI","low","","","assistance",,,"","Incident","low","","Very satisfied",13,10,"Duras",No,"Marguerite",2,"IT Department","duras@it.com","",2,"Gavalda",No,"Anna",2,"IT Department","gavalda@it.com","",2,"IT Department",No,"IT",0,"","","",0,"","",0,"","",,"",0,"","",,"",21,"Helpdesk","",No,"Helpdesk",2,"IT Department",0,"","","","no","0s","","no","0s"
"I-000012","Ticket#3","IT Department","Boris Vian","2019-01-24 11:10:25","Assigned","Marguerite Duras","2019-01-24 11:10:50",,0,"want new ticket for issues","2019-01-24 00:12:23","No","","A department",,"2019-01-24 11:17:15","Ongoing","phone","","low","","","assistance",,,"","Incident","low","","Very satisfied",12,10,"Duras",No,"Marguerite",2,"IT Department","duras@it.com","",15,"Vian",No,"Boris",2,"IT Department","vian@it.com","",2,"IT Department",No,"IT",0,"","","",0,"","",0,"","",,"",0,"","",,"",21,"Helpdesk","",No,"Helpdesk",2,"IT Department",0,"","","","no","0s","","no","0s"
"I-000011","Ticket Raised By Client","IT Department","Boris Vian","2019-01-24 11:10:19","Assigned","Jules Verne","2019-01-24 11:12:02",,0,"Want support from your side","2019-01-23 00:00:00","No","","A department",,"2019-01-24 11:12:02","Ongoing","phone","","low","","","assistance",,,"","Incident","low","","Very satisfied",11,9,"Verne",No,"Jules",2,"IT Department","vidyadhar@nectarinfotel.com","",15,"Vian",No,"Boris",2,"IT Department","vian@it.com","",2,"IT Department",No,"IT",0,"","","",0,"","",0,"","",,"",0,"","",,"",23,"System & application support","",No,"System & application support",2,"IT Department",0,"","","","no","0s","","no","0s"
"I-000010","Ticket#2","My Company/Department","n n","2019-01-24 11:01:49","Assigned","Ravindra Therade","2019-01-29 10:21:48",,0,"raise ticket#2 for data",,"No","","A department",,"2019-01-29 10:21:48","Ongoing","phone","","low","","","assistance",,,"","Incident","low","","Very satisfied",10,53,"Therade",No,"Ravindra",2,"IT Department","priyadigital245@gmail.com","",24,"n",No,"n",1,"My Company/Department","n@gmail.com","n",1,"My Company/Department",No,"SOMECODE",0,"","","",0,"","",0,"","",,"",0,"","",,"",21,"Helpdesk","",No,"Helpdesk",2,"IT Department",0,"","","","no","0s","","no","0s"
"I-000009","Ticket#1","IT Department","Anna Gavalda","2019-01-24 10:42:36","Assigned","Jean-Paul Sartre","2019-01-24 11:08:39",,0,"create new ticket","2019-01-20 00:00:00","No","","A department",,"2019-03-06 11:51:47","Ongoing","phone","","low","","========== 2019-01-24 10:44:09 : My first name My last name (1) ============ rechecking of ticket","assistance",,,"","Incident","low","","Very satisfied",9,8,"Sartre",No,"Jean-Paul",2,"IT Department","sartre@it.com","",2,"Gavalda",No,"Anna",2,"IT Department","gavalda@it.com","",2,"IT Department",No,"IT",0,"","","",0,"","",0,"","",,"",0,"","",,"",23,"System & application support","",No,"System & application support",2,"IT Department",0,"","","","no","0s","","no","0s"
"I-000008","Ticket2","IT Department","Anna Gavalda","2019-01-24 10:36:58","Pending","Jules Verne","2019-01-28 07:47:38",,0,"Want ticket","2019-01-23 10:00:00","No","","A department","2019-01-28 07:48:13","2019-01-28 07:48:13","Ongoing","phone","pending for ticket raise issue","low","","","assistance",,,"","Incident","low","","Very satisfied",8,9,"Verne",No,"Jules",2,"IT Department","vidyadhar@nectarinfotel.com","",2,"Gavalda",No,"Anna",2,"IT Department","gavalda@it.com","",2,"IT Department",No,"IT",0,"","","",0,"","",0,"","",,"",0,"","",,"",21,"Helpdesk","",No,"Helpdesk",2,"IT Department",0,"","","","no","0s","","no","0s"
"I-000007","ticket1","IT Department","Stanley Kubrick","2019-01-24 10:29:00","Assigned","Jules Verne","2019-01-24 10:29:31",,0,"Want new ticket","2019-01-23 00:00:00","No","","A department",,"2019-01-24 10:29:31","Ongoing","phone","","low","","","assistance",,,"","Incident","low","","Very satisfied",7,9,"Verne",No,"Jules",2,"IT Department","vidyadhar@nectarinfotel.com","",18,"Kubrick",No,"Stanley",2,"IT Department","kubrick@it.com","",2,"IT Department",No,"IT",0,"","","",0,"","",0,"","",,"",0,"","",,"",21,"Helpdesk","",No,"Helpdesk",2,"IT Department",0,"","","","no","0s","","no","0s"
"I-000005","Testing","IT Department","Boris Vian","2019-01-24 06:47:43","Assigned","Jean-Paul Sartre","2019-01-28 08:21:44",,0,"test",,"No","","A department",,"2019-01-28 08:21:44","Ongoing","phone","","low","","","assistance",,,"","Incident","low","","Very satisfied",5,8,"Sartre",No,"Jean-Paul",2,"IT Department","sartre@it.com","",15,"Vian",No,"Boris",2,"IT Department","vian@it.com","",2,"IT Department",No,"IT",0,"","","",0,"","",0,"","",,"",0,"","",,"",23,"System & application support","",No,"System & application support",2,"IT Department",0,"","","","no","0s","","no","0s"
"I-000004","q","IT Department","Anna Gavalda","2019-01-24 06:13:34","Assigned","Marguerite Duras","2019-01-28 10:55:31",,0,"qq","2019-01-23 00:00:00","No","","A department",,"2019-01-28 10:55:31","Ongoing","phone","","low","","","assistance",,,"","Incident","low","","Very satisfied",4,10,"Duras",No,"Marguerite",2,"IT Department","duras@it.com","",2,"Gavalda",No,"Anna",2,"IT Department","gavalda@it.com","",2,"IT Department",No,"IT",0,"","","",0,"","",0,"","",,"",0,"","",,"",21,"Helpdesk","",No,"Helpdesk",2,"IT Department",0,"","","","no","0s","","no","0s"
"I-000002","o","IT Department","Anna Gavalda","2019-01-08 06:49:10","Assigned","Jules Verne","2019-01-29 10:22:03",,0,"o","2019-01-23 00:00:00","No","","A department",,"2019-01-29 10:22:03","Ongoing","phone","","low","","","assistance",,,"","Incident","low","","Very satisfied",2,9,"Verne",No,"Jules",2,"IT Department","vidyadhar@nectarinfotel.com","",2,"Gavalda",No,"Anna",2,"IT Department","gavalda@it.com","",2,"IT Department",No,"IT",0,"","","",0,"","",0,"","",,"",0,"","",,"",23,"System & application support","",No,"System & application support",2,"IT Department",0,"","","","no","0s","","no","0s"
"I-000001","Ticket for App","IT Department","Gustave Flaubert","2018-10-03 14:30:44","Assigned","Jules Verne","2019-01-29 10:22:22",,0,"test issue",,"No","","A department",,"2019-01-29 13:49:41","Ongoing","phone","","low","","","assistance",,,"","Incident","low","","Very satisfied",1,9,"Verne",No,"Jules",2,"IT Department","vidyadhar@nectarinfotel.com","",5,"Flaubert",No,"Gustave",2,"IT Department","flaubert@it.com","",2,"IT Department",No,"IT",0,"","","",0,"","",0,"","",,"",0,"","",,"",21,"Helpdesk","",No,"Helpdesk",2,"IT Department",0,"","","","no","0s","","no","0s"
