"Site ID","Site Name",Province,Munciple,Locality,"Latitude ","Longitude ","Site Code",Vendor,"Responsible Area",Priority,"Priority Comment","Element Type",Model,MSC,MGW,BSC,RNC,Phase,"Service Date",Stage,"Sub Stage","Start Date",End_Date,"Created Date"
3,"Kapolo Utanga",Luanda,,,,,"N / D",,,,,BTS,"BTS 6102",Cabolombo,"Luanda MGW1","Luanda BSC1",,,2020-02-13,"On Air","On Air",2020-02-13,0000-00-00,"2020-02-13 13:56:54"
4,"Mbonde Chapeu",Luanda,Belas,,,,"N / D",,NOC,,,BTS,"BTS 6102","Luanda MSCe","Luanda MGW1","Luanda BSC1",,PH1,2020-02-13,"On Air","On Air",2020-02-13,0000-00-00,"2020-02-13 16:36:30"
12,"Vista da lagoa",Luanda,,,-9.908953,13.3754804,PRO,,,,,,,,,,,,0000-00-00,,,0000-00-00,0000-00-00,"2020-02-14 14:35:08"
14,"Benfica Ponte",Luanda,,,,,MLM,ZTE,,,,,,,,,,,0000-00-00,,,0000-00-00,0000-00-00,"2020-02-14 14:40:54"
15,"Prenda PrÃ©dio Cooper",Luanda,,,,,"N / D",ZTE,,,,,,,,,,,0000-00-00,,,0000-00-00,0000-00-00,"2020-02-14 14:57:05"
20,"Utanga Pantanal",Luanda,,,,,SUS,ZTE,,,,,,,,,,,0000-00-00,,,0000-00-00,0000-00-00,"2020-02-14 15:03:23"
21,"Calemba 2",Luanda,,,,,KK,ZTE,,,,,,,,,,,0000-00-00,,,0000-00-00,0000-00-00,"2020-02-14 15:07:15"
22,"Kwanza Centro",Luanda,,,,,LGGH,ZTE,,,,,,,,,,,0000-00-00,,,0000-00-00,0000-00-00,"2020-02-14 15:14:16"
23,"Mulenvos Maulo",Luanda,,,,,MOP,ZTE,,,,,,,,,,,0000-00-00,,,0000-00-00,0000-00-00,"2020-02-14 15:15:06"
26,Kinaxixi,Luanda,,,,,"N / D",ZTE,,,,,,,,,,,0000-00-00,,,0000-00-00,0000-00-00,"2020-02-14 11:12:35"
28,"Caop B Cima",Luanda,,,,,"N / D",ZTE,,,,,,,,,,,0000-00-00,,,0000-00-00,0000-00-00,"2020-02-14 11:14:28"
29,"Mulenvos 4 Imbondeir",Luanda,,,,,"N / D",ZTE,,,,,,,,,,,0000-00-00,,,0000-00-00,0000-00-00,"2020-02-14 11:15:24"
30,"Palanca Rua J",Luanda,,,,,"N / D",ZTE,,,,,,,,,,,0000-00-00,,,0000-00-00,0000-00-00,"2020-02-14 11:16:04"
35,"Viana Caluck",Luanda,,,,,"N / D",ZTE,,,,,,,,,,,0000-00-00,,,0000-00-00,0000-00-00,"2020-02-14 11:19:36"
37,Ramiro,Luanda,,,,,"N / D",ZTE,,,,,,,,,,,0000-00-00,,,0000-00-00,0000-00-00,"2020-02-14 11:22:35"
39,"PraÃ§a SÃ£o Paulo",Luanda,,,,,Yht,ZTE,,,,,,,,,,,0000-00-00,,,0000-00-00,0000-00-00,"2020-02-14 11:42:36"
40,"Cacuaco Centro Cultural",Luanda,Cacuaco,,13.387361,-8.795916,"N / D",,NOC,,,BTS,"BTS 6102",Talatona,"Luanda MGW1","Talatona BSC",,PH1,2020-02-14,"On Air","On Air",2020-02-14,0000-00-00,"2020-02-14 13:20:21"
42,"1 de Junho",Luanda,Cazenga,,-8.820190,13.313340,673,,,,,BTS,"BTS 6102",Cabolombo,"Luanda MGW1","Cobalombo BSC",,PH1,2020-02-14,"On Air","On Air",2020-02-14,0000-00-00,"2020-02-14 16:16:54"
43,"11 de Novembro",Luanda,Cazenga,Cazenga,-8.804470,13.303100,0uyt,,NOC,,,BTS,"BTS 6102",Cabolombo,"Luanda MGW1","Cobalombo BSC",,PH1,2020-02-14,"On Air","On Air",2020-02-14,0000-00-00,"2020-02-14 16:19:52"
44,Aeroporto,Luanda,,,-8.8478055,13.227805,site_y,,NOC,,,BTS,"BTS 6102",Cabolombo,"Luanda MGW1","Cobalombo BSC",,PH1,2020-02-14,"On Air","On Air",2020-02-14,0000-00-00,"2020-02-14 16:23:39"
45,"Aeroporto 4 de Fevereiro Indoor",Luanda,,,-8.848117,13.234776,333,,NOC,,,BTS,"BTS 6102",Cabolombo,"Luanda MGW1","Cobalombo BSC",,PH1,2020-02-14,"On Air","On Air",2020-02-14,0000-00-00,"2020-02-14 16:28:38"
46,"Aeroporto 4 de Fevereiro Outdoor",Luanda,,,-8.848048,13.234941,0div,,NOC,,,BTS,"BTS 6102",Cabolombo,"Luanda MGW1","Cobalombo BSC",,PH1,2020-02-14,"On Air","On Air",2020-02-14,0000-00-00,"2020-02-14 16:30:47"
47,"Aeroporto Norte",Luanda,Luanda,Cassequel,-8.841610,13.242900,tyu,,NOC,,,BTS,"BTS 6102",Cabolombo,"Luanda MGW1","Cobalombo BSC",,PH1,2020-02-14,"On Air","On Air",2020-02-14,0000-00-00,"2020-02-14 16:32:48"
48,"Aeroporto Sul",Luanda,Luanda,Cassequel,-8.856389,13.243055,0466,,NOC,,"2 Dependentes",BTS,"BTS 6102",Cabolombo,"Luanda MGW1","Cobalombo BSC",,PH1,2020-02-14,"On Air","On Air",2020-02-14,0000-00-00,"2020-02-14 16:35:37"
49,Alameda,Luanda,Luanda,,-8.8161388,13.249805,0,ERICSON,NOC,Medium,,BTS,"BTS 6102",Cabolombo,"Luanda MGW1","Cobalombo BSC",,PH1,2020-02-14,"On Air","On Air",2020-02-14,0000-00-00,"2020-02-14 16:37:54"
73,"Viana KM 14",Luanda,,,13.345100,-8.888970,"N / D",,NOC,,,GreenField,"BTS 6102",Cabolombo,"Luanda MGW1","Cobalombo BSC",LUCRNC1,PH1,2020-02-19,"On Air","On Air",2020-02-19,0000-00-00,"2020-02-19 10:32:26"
74,"Cacuaco Nova UrbanizaÃ§Ã£o",Luanda,Viana,,130392276,-8.784282,"N / D",,NOC,,,GreenField,"BTS 6102",Talatona,"Luanda MGW1","Talatona BSC",LUTRNC1,PH1,2020-02-19,"On Air","On Air",2020-02-19,0000-00-00,"2020-02-19 13:24:13"
75,"Cacuaco Sul",Luanda,Cacuaco,,13.304720,-8.934167,"N / D",,NOC,,,GreenField,"BTS 6102",Talatona,"Luanda MGW1","Talatona BSC",LUTRNC1,PH1,2020-02-20,"On Air","On Air",2020-02-20,0000-00-00,"2020-02-20 08:02:15"
80,Banco,Luanda,,,-8812108,13237432,40,,"GRTSS BTS",,,BTS,"RBS 6601","Luanda MSCe","Luanda MGW1","Luanda iBSC",LUTRNC1,PH1,2020-02-18,"On Air","On Air",2020-02-20,2020-02-20,"2020-02-20 14:45:19"
99,"Bita Tanque Serra",Luanda,,,-9.042228,13.169124,659,ERICSON,"GRTSS BTS",Alto,,GreenField,RBS6101,"Luanda MSCe","Luanda MGW1","Luanda iBSC",LUCRNC1,PH1,2020-02-23,"On Air","On Air",2020-02-23,2020-02-23,"2020-02-23 05:58:39"
100,Kinanga,Luanda,Luanda,,-8.987070,13153480,516,ERICSON,,,,BTS,RBS6101,"Luanda MSCe","Luanda MGW1","Luanda iBSC",LUCRNC1,,2020-02-22,"On Air","On Air",2020-02-23,2020-02-23,"2020-02-23 06:16:31"
104,Mabor,Luanda,Luanda,,,,161,ERICSON,NOC,Alto,,BTS,,Cabolombo,"Luanda MGW1","Luanda iBSC",LUTRNC1,,2020-02-26,"On Air",,2020-02-26,2020-02-26,"2020-02-26 10:31:27"
109,"Zango Boa EsperanÃ§a",Luanda,Viana,,-9022861,13370139,N/D,,"GRTSS BTS",,,BTS,RBS6101,"Luanda MSCe","Luanda MGW1","Luanda BSC3",LURNC02,PH1,2020-02-25,"On Air","On Air",2020-02-26,2020-02-26,"2020-02-26 14:37:43"
110,"kilamba via expresso",Luanda,Luanda,,,,145,ERICSON,NOC,Alto,,BTS,RBS6101,Talatona,"Luanda MGW1","Talatona BSC",,,2020-02-26,,,0000-00-00,0000-00-00,"2020-02-26 14:40:19"
111,Jumbo,Luanda,Luanda,"Terra Nova",-8.830583,13.250528,LD130,ERICSON,NOC,Alto,,GreenField,,Talatona,"Luanda MGW1","Talatona BSC",,PH1,2020-02-27,"On Air","On Air",2020-02-27,0000-00-00,"2020-02-27 14:24:06"
112,"Bita Progresso",Luanda,Belas,,,,BL315,ERICSON,NOC,Alta,,,,,,,,,2020-02-28,,,0000-00-00,0000-00-00,"2020-02-28 12:07:51"
114,cassequel,Luanda,cassequel,,,,079,ERICSON,NOC,Alta,,BTS,,"Luanda MSCe","Luanda MGW1",,LUTRNC1,,2020-02-28,,,0000-00-00,0000-00-00,"2020-02-28 12:15:15"
117,"Caop Velho",Luanda,Cacuaco,,-8777527,13.458,CA074,ERICSON,"GRTSS BTS",Alta,,BTS,"RBS 6601","Luanda MSCe","Luanda MGW1","Luanda BSC2",LUTRNC1,PH1,2020-02-28,"On Air","On Air",2020-02-28,2020-02-28,"2020-02-28 12:37:57"
119,"praia do bispo",Luanda,Luanda,,,,219,ERICSON,NOC,Alta,,BTS,,"Luanda MSCe","Luanda MGW1","Talatona BSC",LUTRNC1,,0000-00-00,,,0000-00-00,2020-02-28,"2020-02-28 12:42:06"
128,Unimetro,Luanda,Luanda,Luanda,-8.89417,13.20034,BL419,Ericsson,"GRTSS BTS",Alta,,BTS,RBS6101,LUBSC05,"Luanda MGW1","Luanda BSC1",LUTRNC1,PH1,0000-00-00,,,0000-00-00,0000-00-00,"2020-02-28 13:38:18"
135,"Costa do Sol",Luanda,Belas,"Futungo de Belas",-8882638,13.180444,BL103,Ericsson,,MÃ©dio,,GreenField,"RBS 6601",Talatona,"Luanda MGW1","Talatona BSC",LUCRNC1,PH1,2020-02-28,"On Air","On Air",2020-02-28,0000-00-00,"2020-02-28 14:25:16"
137,"Praca do Sao Paulo",Luanda,Luanda,Luanda,-8.816679,13.255176,LD217,Ericsson,NOC,Alta,,GreenField,RBS6101,"Luanda MSCe","Luanda MGW1","Luanda BSC1",,PH1,2020-02-28,"On Air","On Air",2020-02-28,0000-00-00,"2020-02-28 14:57:06"
138,"Palanca Rua J",Luanda,Luanda,,-8.846527,13.277.555,LD208,Ericsson,"GRTSS BTS",Alta,,GreenField,RBS6101,"Luanda MSCe","Luanda MGW1","Luanda BSC1",LUTRNC1,,0000-00-00,,,0000-00-00,0000-00-00,"2020-02-28 15:20:39"
143,Mazozo,Luanda,"Icolo e Bengo","Bom Jesus",-9.101081,13617763,CB384,Ericsson,NOC,Baixa,,GreenField,"RBS 6601",LUBSC05,"Luanda MGW1","Luanda BSC1",LUCRNC1,PH1,2020-02-28,"On Air","On Air",2020-02-28,2020-02-29,"2020-02-28 17:46:19"
145,Camama,Luanda,Belas,Camama,-8.92475,13.256056,BL058,Ericsson,NOC,MÃ©dio,,GreenField,RBS6101,Cabolombo,"Luanda MGW1","Cobalombo BSC",LUCRNC1,PH1,0000-00-00,"On Air","On Air",0000-00-00,0000-00-00,"2020-02-28 20:41:13"
146,"Palanca 1",Luanda,Luanda,Palanca,-8.85155,13.28128,LD392,Ericsson,NOC,Baixa,,GreenField,"RBS 6601",Talatona,"Luanda MGW1","Talatona BSC",LUTRNC1,PH1,0000-00-00,"On Air","On Air",0000-00-00,0000-00-00,"2020-02-28 21:22:55"
148,"Viana Grafanil",Luanda,Viana,Viana,-8.87921,13.315792,VA261,Ericsson,"GRTSS BTS",Alta,,BTS,RBS6101,"Luanda MSCe","Luanda MGW1",LUTBSC2,LUCRNC1,PH1,2020-02-28,"On Air","On Air",2020-02-29,2020-02-29,"2020-02-29 04:45:36"
156,Cazenga_Norte,Luanda,Cazenga,Cazenga,-8.796524,13.326972,CZ088,Ericsson,NOC,Baixa,,GreenField,RBS6101,Talatona,"Luanda MGW1","Talatona BSC",LUCRNC1,PH1,0000-00-00,"On Air","On Air",0000-00-00,0000-00-00,"2020-02-29 15:47:33"
178,Alvalade,Luanda,Luanda,Maianga,-8.83083,13.24024,LD009,ERICSSON,DO.NOC,,,,,,,,,,2020-03-03,,,2020-03-03,1970-01-01,"2020-03-04 00:27:50"
180,"Amilcar Cabral",Luanda,Luanda,Maianga,-8.823955,13.228227,LD010,ERICSSON,DO.NOC,,,,,,,,,,2020-03-03,,,2020-03-03,1970-01-01,"2020-03-04 00:27:50"
181,"Amilcar Cabral Outdoor",Luanda,Luanda,Maianga,-8.823955,13.228227,LD011,ERICSSON,DO.NOC,,,,,,,,,,2020-03-03,,,2020-03-03,1970-01-01,"2020-03-04 00:27:50"
182,"Angola Telecom",Luanda,Luanda,Ingombota,-8.804303,13.243432,LD012,ERICSSON,DO.NOC,,,,,,,,,,2020-03-03,,,2020-03-03,1970-01-01,"2020-03-04 00:27:50"
184,"Armazem Cabolombo",Luanda,Belas,"Benfica e Mussulo",-8.98105,13.19923,BL013,ERICSSON,DO.NOC,,,,,,,,,,2020-03-03,,,2020-03-03,1970-01-01,"2020-03-04 00:27:51"
186,"Assembleia Nacional 1",Luanda,Luanda,"Praia do Bispo",-8.82268,13.22413,LD464,ERICSSON,DO.NOC,,,,,,,,,,2020-03-03,,,2020-03-03,1970-01-01,"2020-03-04 00:27:51"
187,"Assembleia Nacional 2",Luanda,Luanda,"Praia do Bispo",-8.82268,13.22413,LD465,ERICSSON,DO.NOC,,,,,,,,,,2020-03-03,,,2020-03-03,1970-01-01,"2020-03-04 00:27:51"
188,"Assembleia Nacional 3",Luanda,Luanda,"Praia do Bispo",-8.82268,13.22413,LD466,ERICSSON,DO.NOC,,,,,,,,,,2020-03-03,,,2020-03-03,1970-01-01,"2020-03-04 00:27:51"
190,Austin,Luanda,Belas,Camama,-8.9541,13.24235,BL303,ERICSSON,DO.NOC,,,,,,,,,,2020-03-03,,,2020-03-03,1970-01-01,"2020-03-04 00:27:51"
191,Autodromo,Luanda,Belas,"Benfica e Mussulo",-9.0106,13.087087,BL014,ERICSSON,DO.NOC,,,,,,,,,,2020-03-03,,,2020-03-03,1970-01-01,"2020-03-04 00:27:52"
192,"Autodromo 1",Luanda,Belas,"Benfica e Mussulo",-9.015194,13.098277,BL015,ERICSSON,DO.NOC,,,,,,,,,,2020-03-03,,,2020-03-03,1970-01-01,"2020-03-04 00:27:52"
193,"Autodromo floresta",Luanda,Belas,"Benfica e Mussulo",-9.00225,13.09575,BL016,ERICSSON,DO.NOC,,,,,,,,,,2020-03-03,,,2020-03-03,1970-01-01,"2020-03-04 00:27:52"
202,"Bairro dos Ossos",Luanda,Luanda,Sambizanga,-8.79695,13.28754,LD448,ERICSSON,DO.NOC,,,,,,,,,,2020-03-03,,,2020-03-03,1970-01-01,"2020-03-04 00:27:53"
203,"Bairro Fofoca",Luanda,Belas,Camama,-8.894569,13.300811,VA017,ERICSSON,DO.NOC,,,,,,,,,,2020-03-03,,,2020-03-03,1970-01-01,"2020-03-04 00:27:53"
204,"Bairro Iraque",Luanda,Belas,"Vila Estoril",-8.91892,13.2385,BL304,ERICSSON,DO.NOC,,,,,,,,,,2020-03-03,,,2020-03-03,1970-01-01,"2020-03-04 00:27:54"
208,"Bairro popular 2",Luanda,Luanda,"Neves Bendinha",-8.8390662,13.25971,LD306,ERICSSON,DO.NOC,,,,,,,,,,2020-03-03,,,2020-03-03,1970-01-01,"2020-03-04 00:27:54"
212,"Barra do Kwanza",Luanda,,"Cabo Ledo",-9.395556,13.181667,QA020,ERICSSON,DO.NOC,,,,,,,,,,2020-03-03,,,2020-03-03,1970-01-01,"2020-03-04 00:27:55"
213,BBP,Luanda,Belas,Talatona,-8.92144,13.18899,BL288,ERICSSON,DO.NOC,,,,,,,,,,2020-03-03,,,2020-03-03,1970-01-01,"2020-03-04 00:27:55"
214,"BBP Indoor",Luanda,Belas,Talatona,-8.92144,13.18899,BL021,ERICSSON,DO.NOC,,,,,,,,,,2020-03-03,,,2020-03-03,1970-01-01,"2020-03-04 00:27:55"
215,"BCA 7 AV",Luanda,Cazenga,Cazenga,-8.85418,13.303111,CZ022,ERICSSON,DO.NOC,,,,,,,,,,2020-03-03,,,2020-03-03,1970-01-01,"2020-03-04 00:27:55"
219,"Bem Morar",Luanda,Belas,"Bem Morar",-8.946085,13.226149,BL307,ERICSSON,DO.NOC,,,,,,,,,,2020-03-03,,,2020-03-03,1970-01-01,"2020-03-04 00:27:56"
220,Benfica,Luanda,Belas,"Benfica e Mussulo",-8.944,13.162,BL023,ERICSSON,DO.NOC,,,,,,,,,,2020-03-03,,,2020-03-03,1970-01-01,"2020-03-04 00:27:56"
221,"Benfica 3",Luanda,Belas,,-8.94936,13.1819,BL024,,DO.NOC,,,,,,,,,,2020-03-03,,,2020-03-03,1970-01-01,"2020-03-04 00:27:56"
222,"Benfica Altatrade",Luanda,Belas,"Benfica e Mussulo",-8.961,13.1472,BL309,ERICSSON,DO.NOC,,,,,,,,,,2020-03-03,,,2020-03-03,1970-01-01,"2020-03-04 00:27:56"
223,"Benfica Benvindo",Luanda,Belas,"Benfica e Mussulo",-8.96868,13.1915,BL310,ERICSSON,DO.NOC,,,,,,,,,,2020-03-03,,,2020-03-03,1970-01-01,"2020-03-04 00:27:56"
224,"Benfica Chinguar",Luanda,Belas,"Benfica e Mussulo",-8.96337,13.16529,BL311,ERICSSON,DO.NOC,,,,,,,,,,2020-03-03,,,2020-03-03,1970-01-01,"2020-03-04 00:27:56"
225,"Benfica Matador",Luanda,Belas,"Benfica e Mussulo",-8.978083,13.122521,BL312,ERICSSON,DO.NOC,,,,,,,,,,2020-03-03,,,2020-03-03,1970-01-01,"2020-03-04 00:27:56"
226,"Benfica Mundial ",Luanda,Belas,"Benfica e Mussulo",-9.016621,13.143666,BL313,ERICSSON,DO.NOC,,,,,,,,,,2020-03-03,,,2020-03-03,1970-01-01,"2020-03-04 00:27:57"
227,"Benfica Mundial 2",Luanda,Belas,"Benfica e Mussulo",-9.007333,13.117231,BL025,ERICSSON,DO.NOC,,,,,,,,,,2020-03-03,,,2020-03-03,1970-01-01,"2020-03-04 00:27:57"
228,"Benfica Mundial 3",Luanda,Belas,"Benfica e Mussulo",-9.033944,13.112417,BL314,ERICSSON,DO.NOC,,,,,,,,,,2020-03-03,,,2020-03-03,1970-01-01,"2020-03-04 00:27:57"
229,"Benfica Sul",Luanda,Belas,"Benfica e Mussulo",-8.969444,13.13889,BL027,ERICSSON,DO.NOC,,,,,,,,,,2020-03-03,,,2020-03-03,1970-01-01,"2020-03-04 00:27:57"
230,"Benfica Viana",Luanda,Belas,"Benfica e Mussulo",-9.02053,13.30731,BL028,ERICSSON,DO.NOC,,,,,,,,,,2020-03-03,,,2020-03-03,1970-01-01,"2020-03-04 00:27:57"
240,BESA,Luanda,Luanda,Ingombota,-8.817244,13.229448,LD302,ERICSSON,DO.NOC,,,,,,,,,,2020-03-03,,,2020-03-03,1970-01-01,"2020-03-04 00:27:58"
244,Bita,Luanda,Belas,Bita,-9.020972,13.336278,BL029,ERICSSON,DO.NOC,,,,,,,,,,2020-03-03,,,2020-03-03,1970-01-01,"2020-03-04 00:27:59"
245,"Bita Cacate",Luanda,Belas,Camama,-9.059916,13.293472,BL316,ERICSSON,DO.NOC,,,,,,,,,,2020-03-03,,,2020-03-03,1970-01-01,"2020-03-04 00:27:59"
246,"Bita Mutamba",Luanda,Belas,Camama,-8.99478,13.32125,BL317,ERICSSON,DO.NOC,,,,,,,,,,2020-03-03,,,2020-03-03,1970-01-01,"2020-03-04 00:27:59"
247,"Bita Quenguela",Luanda,Belas,"Benfica e Mussulo",-9.062528,13.206778,BL030,ERICSSON,DO.NOC,,,,,,,,,,2020-03-03,,,2020-03-03,1970-01-01,"2020-03-04 00:27:59"
248,"Bita Santa Marta",Luanda,Belas,"Benfica e Mussulo",-9.057194,13.195666,BL031,ERICSSON,DO.NOC,,,,,,,,,,2020-03-03,,,2020-03-03,1970-01-01,"2020-03-04 00:27:59"
249,"Bita Sao Jose",Luanda,Viana,"Bita Sapu II",-8.961631,13.314831,VA032,ERICSSON,DO.NOC,,,,,,,,,,2020-03-03,,,2020-03-03,1970-01-01,"2020-03-04 00:28:00"
250,"Bita Tanque",Luanda,Belas,Bita,-9.100311,13.283819,BL033,ERICSSON,DO.NOC,,,,,,,,,,2020-03-03,,,2020-03-03,1970-01-01,"2020-03-04 00:28:00"
251,"Bita Vila Flor",Luanda,Belas,Bita,-8.979564,13.292537,VA035,ERICSSON,DO.NOC,,,,,,,,,,2020-03-03,,,2020-03-03,1970-01-01,"2020-03-04 00:28:00"
252,"Bita Vila Flor 1",Luanda,Belas,Camama,-8.98555,13.30673,BL318,ERICSSON,DO.NOC,,,,,,,,,,2020-03-03,,,2020-03-03,1970-01-01,"2020-03-04 00:28:00"
255,"Bom Jesus",Luanda,"Icolo e Bengo","Bom Jesus",-9.166667,13.563333,VA036,ERICSSON,DO.NOC,,,,,,,,,,2020-03-03,,,2020-03-03,1970-01-01,"2020-03-04 00:28:00"
256,"Bom Jesus 1",Luanda,"Icolo e Bengo","Bom Jesus",-9.05948,13.57131,1105,NA,DO.NOC,,,,,,,,,,2020-03-03,,,2020-03-03,1970-01-01,"2020-03-04 00:28:00"
257,"Bom Jesus Estrada",Luanda,"Icolo e Bengo","Bom Jesus",-9.079214,13.563131,VA037,ERICSSON,DO.NOC,,,,,,,,,,2020-03-03,,,2020-03-03,1970-01-01,"2020-03-04 00:28:00"
264,Bungo,Luanda,Luanda,Maculusso,-8.80948,13.24222,LD038,ERICSSON,DO.NOC,,,,,,,,,,2020-03-03,,,2020-03-03,1970-01-01,"2020-03-04 00:28:01"
265,"Cacuaco B1_37",Luanda,Cacuaco,Cacuaco,-8.879832,13.484617,CA298,ERICSSON,DO.NOC,,,,,,,,,,2020-03-03,,,2020-03-03,1970-01-01,"2020-03-04 00:28:01"
266,"Cacuaco B12_1",Luanda,Cacuaco,Cacuaco,-8.892089,13.48603,CA299,ERICSSON,DO.NOC,,,,,,,,,,2020-03-03,,,2020-03-03,1970-01-01,"2020-03-04 00:28:03"
267,"Cacuaco B6_23",Luanda,Cacuaco,Cacuaco,-8.884695,13.491432,CA300,ERICSSON,DO.NOC,,,,,,,,,,2020-03-03,,,2020-03-03,1970-01-01,"2020-03-04 00:28:03"
268,"Cacuaco kero",Luanda,Cacuaco,,-8.8697,13.47472,CA297,,DO.NOC,,,,,,,,,,2020-03-03,,,2020-03-03,1970-01-01,"2020-03-04 00:28:03"
269,"Cacuaco Mercado",Luanda,Cacuaco,Cacuaco,-8.886629,13.487345,CA301,ERICSSON,DO.NOC,,,,,,,,,,2020-03-03,,,2020-03-03,1970-01-01,"2020-03-04 00:28:03"
275,"Cabo Ledo",Luanda,,"Cabo Ledo",-9.654532,13.235756,QA039,ERICSSON,DO.NOC,,,,,,,,,,2020-03-03,,,2020-03-03,1970-01-01,"2020-03-04 00:28:05"
276,"Cabo ledo 2",Luanda,,"Cabo Ledo",-9.693861,13.212047,QA040,ERICSSON,DO.NOC,,,,,,,,,,2020-03-03,,,2020-03-03,1970-01-01,"2020-03-04 00:28:06"
277,"Cabo ledo Muxima",Luanda,,"Desvio do Cabo Ledo para Muxima",-9.60555,13.24129,QA321,ERICSSON,DO.NOC,,,,,,,,,,2020-03-03,,,2020-03-03,1970-01-01,"2020-03-04 00:28:06"
278,"Cabo ledo Sangano",Luanda,,"Cabo Ledo",-9.49121,13.20411,QA322,ERICSSON,DO.NOC,,,,,,,,,,2020-03-03,,,2020-03-03,1970-01-01,"2020-03-04 00:28:06"
279,Cabolombo,Luanda,Belas,"Benfica e Mussulo",-8.983108,13.185353,BL041,ERICSSON,DO.NOC,,,,,,,,,,2020-03-03,,,2020-03-03,1970-01-01,"2020-03-04 00:28:06"
280,"Cabolombo 2",Luanda,Belas,Camama,-8.99686,13.20663,BL323,ERICSSON,DO.NOC,,,,,,,,,,2020-03-03,,,2020-03-03,1970-01-01,"2020-03-04 00:28:06"
281,"Cabolombo Expresso",Luanda,Belas,"Benfica e Mussulo",-8.970636,13.3367,BL042,ERICSSON,DO.NOC,,,,,,,,,,2020-03-03,,,2020-03-03,1970-01-01,"2020-03-04 00:28:06"
282,"Cabolombo Sul",Luanda,Belas,"Benfica e Mussulo",-9.030661,13.167056,BL043,ERICSSON,DO.NOC,,,,,,,,,,2020-03-03,,,2020-03-03,1970-01-01,"2020-03-04 00:28:06"
287,Cacuaco,Luanda,Cacuaco,Cacuaco,-8.77636,13.3712,CA044,ERICSSON,DO.NOC,,,,,,,,,,2020-03-03,,,2020-03-03,1970-01-01,"2020-03-04 00:28:07"
288,"Cacuaco Belo Monte",Luanda,Cacuaco,Cacuaco,-8.852339,13.38648,CA324,ERICSSON,DO.NOC,,,,,,,,,,2020-03-03,,,2020-03-03,1970-01-01,"2020-03-04 00:28:07"
289,"Cacuaco Belo Monte 2",Luanda,Cacuaco,"Belo Monte",-8.83193,13.38529,CA450,ERICSSON,DO.NOC,,,,,,,,,,2020-03-03,,,2020-03-03,1970-01-01,"2020-03-04 00:28:07"
290,"Cacuaco C-Cultural ",Luanda,Cacuaco,Cacuaco,-8.795916,13.387361,CA045,ERICSSON,DO.NOC,,,,,,,,,,2020-03-03,,,2020-03-03,1970-01-01,"2020-03-04 00:28:08"
291,"Cacuaco Ceramica",Luanda,Cacuaco,Cacuaco,-8.784444,13.360472,CA325,ERICSSON,DO.NOC,,,,,,,,,,2020-03-03,,,2020-03-03,1970-01-01,"2020-03-04 00:28:08"
292,"Cacuaco Eco Campo",Luanda,Cacuaco,Cacuaco,-8.78575,13.385061,CA046,ERICSSON,DO.NOC,,,,,,,,,,2020-03-03,,,2020-03-03,1970-01-01,"2020-03-04 00:28:08"
293,"Cacuaco Este",Luanda,Cacuaco,Cacuaco,-8.7675,13.390833,CA047,ERICSSON,DO.NOC,,,,,,,,,,2020-03-03,,,2020-03-03,1970-01-01,"2020-03-04 00:28:08"
294,"Cacuaco Estrada",Luanda,Cacuaco,Cacuaco,-8.775639,13.344193,CA048,ERICSSON,DO.NOC,,,,,,,,,,2020-03-03,,,2020-03-03,1970-01-01,"2020-03-04 00:28:08"
295,"Cacuaco Monte",Luanda,Cacuaco,Cacuaco,-8.809136,13.372262,CA049,ERICSSON,DO.NOC,,,,,,,,,,2020-03-03,,,2020-03-03,1970-01-01,"2020-03-04 00:28:08"
296,"Cacuaco Nova Urbanizacao",Luanda,Cacuaco,Cacuaco,-8.784282,13.392276,CA050,ERICSSON,DO.NOC,,,,,,,,,,2020-03-03,,,2020-03-03,1970-01-01,"2020-03-04 00:28:08"
297,"Cacuaco Paraiso",Luanda,Cacuaco,Cacuaco,-8.80162,13.35412,CA326,ERICSSON,DO.NOC,,,,,,,,,,2020-03-03,,,2020-03-03,1970-01-01,"2020-03-04 00:28:09"
298,"Cacuaco Via Expressa",Luanda,Cacuaco,Cacuaco,-8.84333,13.42293,CA327,ERICSSON,DO.NOC,,,,,,,,,,2020-03-03,,,2020-03-03,1970-01-01,"2020-03-04 00:28:09"
309,Calamba,Luanda,,Quissama,-10.1754,13.5112,QA052,ERICSSON,DO.NOC,,,,,,,,,,2020-03-03,,,2020-03-03,1970-01-01,"2020-03-04 00:28:10"
310,"Calemba 2 Sapu",Luanda,Belas,Camama,-8.911169,13.286042,VA054,ERICSSON,DO.NOC,,,,,,,,,,2020-03-03,,,2020-03-03,1970-01-01,"2020-03-04 00:28:10"
314,"Calomboloca Morro 50",Luanda,"Icolo e Bengo",Calomboloca,-9.152144,13.9085,799,ZTE,DO.NOC,,,,,,,,,,2020-03-03,,,2020-03-03,1970-01-01,"2020-03-04 00:28:11"
316,Calombuloca,Luanda,"Icolo e Bengo",Calomboloca,-9.154722,13.841111,CB055,ERICSSON,DO.NOC,,,,,,,,,,2020-03-03,,,2020-03-03,1970-01-01,"2020-03-04 00:28:11"
319,"Calumbo Batop",Luanda,Viana,Calumbo,-9.13187,13.42516,VA056,ERICSSON,DO.NOC,,,,,,,,,,2020-03-03,,,2020-03-03,1970-01-01,"2020-03-04 00:28:12"
320,"Calumbo estrada",Luanda,Viana,Calumbo,-9.100816,13.421417,VA329,ERICSSON,DO.NOC,,,,,,,,,,2020-03-03,,,2020-03-03,1970-01-01,"2020-03-04 00:28:12"
321,"Calumbo Vila",Luanda,Viana,Calumbo,-9.14837,13.41521,VA057,ERICSSON,DO.NOC,,,,,,,,,,2020-03-03,,,2020-03-03,1970-01-01,"2020-03-04 00:28:12"
324,"Camama Bairro Militar",Luanda,Viana,Viana,-8.89649,13.33244,VA059,ERICSSON,DO.NOC,,,,,,,,,,2020-03-03,,,2020-03-03,1970-01-01,"2020-03-04 00:28:12"
325,"Camama Cemiterio",Luanda,Belas,Camama,-8.90458,13.26235,BL060,ERICSSON,DO.NOC,,,,,,,,,,2020-03-03,,,2020-03-03,1970-01-01,"2020-03-04 00:28:12"
326,"Camama Chimbicato",Luanda,Belas,Camama,-8.92475,13.256056,BL061,ERICSSON,DO.NOC,,,,,,,,,,2020-03-03,,,2020-03-03,1970-01-01,"2020-03-04 00:28:12"
327,"Camama Este",Luanda,Belas,Camama,-8.893889,13.315,VA062,ERICSSON,DO.NOC,,,,,,,,,,2020-03-03,,,2020-03-03,1970-01-01,"2020-03-04 00:30:26"
328,"Camama Njinga Mbandi",Luanda,Belas,Camama,-8.91561,13.2683,BL063,ERICSSON,DO.NOC,,,,,,,,,,2020-03-03,,,2020-03-03,1970-01-01,"2020-03-04 00:30:26"
329,"Camama Norte",Luanda,Viana,Viana,-8.881388,13.30333,VA064,ERICSSON,DO.NOC,,,,,,,,,,2020-03-03,,,2020-03-03,1970-01-01,"2020-03-04 00:30:26"
330,"Camama Oeste",Luanda,Belas,Camama,-8.906667,13.276111,VA065,ERICSSON,DO.NOC,,,,,,,,,,2020-03-03,,,2020-03-03,1970-01-01,"2020-03-04 00:30:26"
331,"Camama Sul",Luanda,Viana,Viana,-8.934167,13.30472,VA066,ERICSSON,DO.NOC,,,,,,,,,,2020-03-03,,,2020-03-03,1970-01-01,"2020-03-04 00:30:26"
332,"Camama Sul 1",Luanda,Viana,Viana,-8.951681,13.317597,VA067,ERICSSON,DO.NOC,,,,,,,,,,2020-03-03,,,2020-03-03,1970-01-01,"2020-03-04 00:30:26"
333,"Camama Viana",Luanda,Viana,Viana,-8.93092,13.34466,VA068,ERICSSON,DO.NOC,,,,,,,,,,2020-03-03,,,2020-03-03,1970-01-01,"2020-03-04 00:30:26"
334,"Camama ZI",Luanda,Viana,Viana,-8.908889,13.32167,VA069,ERICSSON,DO.NOC,,,,,,,,,,2020-03-03,,,2020-03-03,1970-01-01,"2020-03-04 00:30:26"
335,"Camama1 Progresso",Luanda,Belas,Camama,-8.938166,13.267388,BL070,ERICSSON,DO.NOC,,,,,,,,,,2020-03-03,,,2020-03-03,1970-01-01,"2020-03-04 00:30:27"
345,"Cana Cassala",Luanda,Viana,Viana,-8.86831,13.38487,VA332,ERICSSON,DO.NOC,,,,,,,,,,2020-03-03,,,2020-03-03,1970-01-01,"2020-03-04 00:30:27"
347,Candelabro,Luanda,Cacuaco,Cacuaco,-8.77898,13.431,CA071,ERICSSON,DO.NOC,,,,,,,,,,2020-03-03,,,2020-03-03,1970-01-01,"2020-03-04 00:30:28"
350,"Canhanga Benfica 2",Luanda,Belas,"Benfica e Mussulo",-8.99921,13.16765,BL072,ERICSSON,DO.NOC,,,,,,,,,,2020-03-03,,,2020-03-03,1970-01-01,"2020-03-04 00:30:28"
353,"Caop B",Luanda,Viana,Viana,-8.88603,13.39619,VA073,ERICSSON,DO.NOC,,,,,,,,,,2020-03-03,,,2020-03-03,1970-01-01,"2020-03-04 00:30:29"
357,"Capolo 1",Luanda,Luanda,Palanca,-8.859889,13.293194,CZ076,ERICSSON,DO.NOC,,,,,,,,,,2020-03-03,,,2020-03-03,1970-01-01,"2020-03-04 00:30:29"
360,"Casas Azuis",Luanda,Belas,Camama,-8.9446,13.29966,BL334,ERICSSON,DO.NOC,,,,,,,,,,2020-03-03,,,2020-03-03,1970-01-01,"2020-03-04 00:30:29"
362,Cassenda,Luanda,Luanda,Prenda,-8.845279,13.218887,LD077,ERICSSON,DO.NOC,,,,,,,,,,2020-03-03,,,2020-03-03,1970-01-01,"2020-03-04 00:30:30"
363,"Cassenda Multichoice ",Luanda,Luanda,Prenda,-8.84375,13.23273,LD078,ERICSSON,DO.NOC,,,,,,,,,,2020-03-03,,,2020-03-03,1970-01-01,"2020-03-04 00:30:30"
365,"Cassequel 2",Luanda,Luanda,Cassequel,-8.8654922,13.2326972,LD336,ERICSSON,DO.NOC,,,,,,,,,,2020-03-03,,,2020-03-03,1970-01-01,"2020-03-04 00:30:30"
371,"Catete Cidade",Luanda,"Icolo e Bengo",Catete,-9.107,13.68973,CB080,ERICSSON,DO.NOC,,,,,,,,,,2020-03-03,,,2020-03-03,1970-01-01,"2020-03-04 00:30:31"
378,Caxicane,Luanda,"Icolo e Bengo",Catete,-9.21968,13.7271,CB452,ERICSSON,DO.NOC,,,,,,,,,,2020-03-03,,,2020-03-03,1970-01-01,"2020-03-04 00:30:32"
379,Cazenga,Luanda,Cazenga,Cazenga,-8.81758,13.2969,CZ081,ERICSSON,DO.NOC,,,,,,,,,,2020-03-03,,,2020-03-03,1970-01-01,"2020-03-04 00:30:32"
380,"Cazenga Aviario",Luanda,Cazenga,Cazenga,-8.84322,13.3044,CZ082,ERICSSON,DO.NOC,,,,,,,,,,2020-03-03,,,2020-03-03,1970-01-01,"2020-03-04 00:30:32"
381,"Cazenga Balala",Luanda,Cazenga,Cazenga,-8.823306,13.289944,CZ083,ERICSSON,DO.NOC,,,,,,,,,,2020-03-03,,,2020-03-03,1970-01-01,"2020-03-04 00:30:32"
382,"Cazenga Centro",Luanda,Cazenga,Cazenga,-8.831389,13.295833,CZ084,ERICSSON,DO.NOC,,,,,,,,,,2020-03-03,,,2020-03-03,1970-01-01,"2020-03-04 00:30:32"
383,"Cazenga CFL",Luanda,Cazenga,Cazenga,-8.829583,13.274583,CZ463,ERICSSON,DO.NOC,,,,,,,,,,2020-03-03,,,2020-03-03,1970-01-01,"2020-03-04 00:30:33"
384,"Cazenga Curtume",Luanda,Cazenga,Cazenga,-8.823056,13.302472,CZ085,ERICSSON,DO.NOC,,,,,,,,,,2020-03-03,,,2020-03-03,1970-01-01,"2020-03-04 00:30:33"
385,"Cazenga Elisal",Luanda,Cazenga,Cazenga,-8.83515,13.28511,CZ086,ERICSSON,DO.NOC,,,,,,,,,,2020-03-03,,,2020-03-03,1970-01-01,"2020-03-04 00:30:33"
386,"Cazenga Este",Luanda,Cazenga,Cazenga,-8.831667,13.323611,CZ087,ERICSSON,DO.NOC,,,,,,,,,,2020-03-03,,,2020-03-03,1970-01-01,"2020-03-04 00:30:33"
387,"Cazenga Norte",Luanda,Cazenga,Cazenga,-8.796524,13.326972,CZ088,ERICSSON,DO.NOC,,,,,,,,,,2020-03-03,,,2020-03-03,1970-01-01,"2020-03-04 00:30:33"
388,"Cazenga Patricio",Luanda,Cazenga,Cazenga,-8.818614,13.289657,CZ089,ERICSSON,DO.NOC,,,,,,,,,,2020-03-03,,,2020-03-03,1970-01-01,"2020-03-04 00:30:33"
389,"Cazenga Sul",Luanda,Cazenga,Cazenga,-8.83138,13.30801,CZ090,ERICSSON,DO.NOC,,,,,,,,,,2020-03-03,,,2020-03-03,1970-01-01,"2020-03-04 00:30:33"
390,"Cazenga TCUL",Luanda,Cazenga,Cazenga,-8.84072,13.29364,CZ338,ERICSSON,DO.NOC,,,,,,,,,,2020-03-03,,,2020-03-03,1970-01-01,"2020-03-04 00:30:34"
391,Cazenga_U_1,Luanda,Cazenga,Cazenga,-8.789722,13.346389,CZ091,ERICSSON,DO.NOC,,,,,,,,,,2020-03-03,,,2020-03-03,1970-01-01,"2020-03-04 00:30:34"
393,"Cazombo Viana 2",Luanda,Viana,Viana,-8.93429,13.36785,VA339,ERICSSON,DO.NOC,,,,,,,,,,2020-03-03,,,2020-03-03,1970-01-01,"2020-03-04 00:30:34"
394,CCTA,Luanda,Belas,"Futungo de Belas",-8.91451,13.19509,BL092,ERICSSON,DO.NOC,,,,,,,,,,2020-03-03,,,2020-03-03,1970-01-01,"2020-03-04 00:30:34"
395,"Cemiterio 14",Luanda,Cacuaco,Kicolo,-8.799406,13.315334,CA340,ERICSSON,DO.NOC,,,,,,,,,,2020-03-03,,,2020-03-03,1970-01-01,"2020-03-04 00:30:34"
397,CENARTE,Luanda,Belas,CENARTE,-8.96115,13.2298,BL341,ERICSSON,DO.NOC,,,,,,,,,,2020-03-03,,,2020-03-03,1970-01-01,"2020-03-04 00:30:35"
398,"Centro Emissor",Luanda,Viana,Viana,-8.856646,13.322129,VA093,ERICSSON,DO.NOC,,,,,,,,,,2020-03-03,,,2020-03-03,1970-01-01,"2020-03-04 00:30:35"
399,Chevron,Luanda,Luanda,Maculusso,-8.817075,13.217917,LD094,ERICSSON,DO.NOC,,,,,,,,,,2020-03-03,,,2020-03-03,1970-01-01,"2020-03-04 00:30:35"
411,"Cidade Alta",Luanda,Luanda,Maianga,-8.817474,13.224906,LD095,ERICSSON,DO.NOC,,,,,,,,,,2020-03-03,,,2020-03-03,1970-01-01,"2020-03-04 00:30:36"
412,CIF,Luanda,Luanda,Maianga,-8.817922,13.229348,LD096,ERICSSON,DO.NOC,,,,,,,,,,2020-03-03,,,2020-03-03,1970-01-01,"2020-03-04 00:30:36"
413,"CIF Km30",Luanda,Viana,KM30,-8.9703,13.47496,VA343,ERICSSON,DO.NOC,,,,,,,,,,2020-03-03,,,2020-03-03,1970-01-01,"2020-03-04 00:30:36"
414,Cimianto,Luanda,Cacuaco,Cacuaco,-8.78094,13.3176,CA097,ERICSSON,DO.NOC,,,,,,,,,,2020-03-03,,,2020-03-03,1970-01-01,"2020-03-04 00:30:36"
415,"Cimianto 1",Luanda,Cacuaco,Kicolo,-8.779403,13.290635,CZ290,ERICSSON,DO.NOC,,,,,,,,,,2020-03-03,,,2020-03-03,1970-01-01,"2020-03-04 00:30:37"
416,CITIC,Luanda,Belas,"Kilamba Kiaxi",-9.00133,13.2634,BL098,ERICSSON,DO.NOC,,,,,,,,,,2020-03-03,,,2020-03-03,1970-01-01,"2020-03-04 00:30:37"
420,"Colegio Sao Benedito",Luanda,Luanda,"Terra Nova",-8.829111,13.261972,LD099,ERICSSON,DO.NOC,,,,,,,,,,2020-03-03,,,2020-03-03,1970-01-01,"2020-03-04 00:30:37"
429,Coreia_477,Luanda,Luanda,Kinanga,-8.82762,13.21585,LD349,ERICSSON,DO.NOC,,,,,,,,,,2020-03-03,,,2020-03-03,1970-01-01,"2020-03-04 00:30:38"
430,Corimba,Luanda,Luanda,"Rocha Pinto",-8.85063,13.20789,BL100,ERICSSON,DO.NOC,,,,,,,,,,2020-03-03,,,2020-03-03,1970-01-01,"2020-03-04 00:30:38"
431,"Corimba Norte",Luanda,Luanda,"Rocha Pinto",-8.843369,13.207608,LD101,ERICSSON,DO.NOC,,,,,,,,,,2020-03-03,,,2020-03-03,1970-01-01,"2020-03-04 00:30:38"
432,Correios,Luanda,Luanda,Ingombota,-8.812194,13.229527,LD102,ERICSSON,DO.NOC,,,,,,,,,,2020-03-03,,,2020-03-03,1970-01-01,"2020-03-04 00:30:39"
435,CTAP,Luanda,Luanda,Maianga,-8.81726,13.23018,LD104,ERICSSON,DO.NOC,,,,,,,,,,2020-03-03,,,2020-03-03,1970-01-01,"2020-03-04 00:30:39"
439,Cuca,Luanda,Cazenga,Cazenga,-8.82036,13.2819,CZ105,ERICSSON,DO.NOC,,,,,,,,,,2020-03-03,,,2020-03-03,1970-01-01,"2020-03-04 00:30:40"
440,"Cuca 2",Luanda,Cazenga,"Hoji Ya Henda",-8.81551,13.27681,CZ350,ERICSSON,DO.NOC,,,,,,,,,,2020-03-03,,,2020-03-03,1970-01-01,"2020-03-04 00:30:40"
451,Dangereux,Luanda,Belas,Camama,-8.924575,13.211127,BL293,ERICSSON,DO.NOC,,,,,,,,,,2020-03-03,,,2020-03-03,1970-01-01,"2020-03-04 00:30:41"
452,"Dolce Vita",Luanda,Belas,Belas,-8.92329,13.17286,BL454,ERICSSON,DO.NOC,,,,,,,,,,2020-03-03,,,2020-03-03,1970-01-01,"2020-03-04 00:30:41"
457,"Edificio INE",Luanda,Luanda,Cassequel,-8.840511,13.232433,LD106,ERICSSON,DO.NOC,,,,,,,,,,2020-03-03,,,2020-03-03,1970-01-01,"2020-03-04 00:30:42"
470,"Estalagem Gindungo",Luanda,Viana,Estalagem,-8.870416,13.324527,VA108,ERICSSON,DO.NOC,,,,,,,,,,2020-03-03,,,2020-03-03,1970-01-01,"2020-03-04 00:30:44"
471,"Estrada Patriota",Luanda,Belas,"Benfica e Mussulo",-8.93058,13.1662,BL109,ERICSSON,DO.NOC,,,,,,,,,,2020-03-03,,,2020-03-03,1970-01-01,"2020-03-04 00:30:44"
473,Fapa,Luanda,Luanda,"Rocha Pinto",-8.85196,13.2169,LD110,ERICSSON,DO.NOC,,,,,,,,,,2020-03-03,,,2020-03-03,1970-01-01,"2020-03-04 00:30:44"
474,"Farmacia Kinaxixi",Luanda,Luanda,Maculusso,-8.817586,13.24386,LD111,ERICSSON,DO.NOC,,,,,,,,,,2020-03-03,,,2020-03-03,1970-01-01,"2020-03-04 00:30:44"
476,Filda,Luanda,Cazenga,Cazenga,-8.85153,13.294554,CZ289,ERICSSON,DO.NOC,,,,,,,,,,2020-03-03,,,2020-03-03,1970-01-01,"2020-03-04 00:30:44"
477,Floresta,Luanda,Belas,"Benfica e Mussulo",-8.98985,13.09678,BL112,ERICSSON,DO.NOC,,,,,,,,,,2020-03-03,,,2020-03-03,1970-01-01,"2020-03-04 00:30:44"
479,Forum,Luanda,Luanda,Prenda,-8.83887,13.23396,LD113,ERICSSON,DO.NOC,,,,,,,,,,2020-03-03,,,2020-03-03,1970-01-01,"2020-03-04 00:30:45"
480,Frescangol,Luanda,Cazenga,Cazenga,-8.84872,13.28755,CZ114,ERICSSON,DO.NOC,,,,,,,,,,2020-03-03,,,2020-03-03,1970-01-01,"2020-03-04 00:30:45"
483,"Funda_Cowboy 1",Luanda,Cacuaco,Funda,-8.84727,13.54909,CA353,ERICSSON,DO.NOC,,,,,,,,,,2020-03-03,,,2020-03-03,1970-01-01,"2020-03-04 00:30:45"
487,Gamek,Luanda,Belas,,-8.889637,13.209116,BL116,,DO.NOC,,,,,,,,,,2020-03-03,,,2020-03-03,1970-01-01,"2020-03-04 00:30:46"
488,"Gamek Henorade",Luanda,Luanda,"Rocha Pinto",-8.8830838,13.1903486,LD358,ERICSSON,DO.NOC,,,,,,,,,,2020-03-03,,,2020-03-03,1970-01-01,"2020-03-04 00:30:46"
489,"Gamek Motocross ",Luanda,Belas,"Rocha Pinto",-8.89904,13.21389,LD359,ERICSSON,DO.NOC,,,,,,,,,,2020-03-03,,,2020-03-03,1970-01-01,"2020-03-04 00:30:46"
490,"Gamek Oeste",Luanda,Belas,Camama,-8.885079,13.197101,BL117,ERICSSON,DO.NOC,,,,,,,,,,2020-03-03,,,2020-03-03,1970-01-01,"2020-03-04 00:30:46"
491,"Gamek Rocha",Luanda,Belas,"Rocha Pinto",-8.87531,13.20556,LD360,ERICSSON,DO.NOC,,,,,,,,,,2020-03-03,,,2020-03-03,1970-01-01,"2020-03-04 00:30:46"
496,"Golf 2",Luanda,Belas,"Vila Estoril",-8.8897,13.25846,BL118,ERICSSON,DO.NOC,,,,,,,,,,2020-03-03,,,2020-03-03,1970-01-01,"2020-03-04 00:30:47"
497,"Golf 2 Estoril",Luanda,Belas,"Vila Estoril",-8.8798,13.25424,LD364,ERICSSON,DO.NOC,,,,,,,,,,2020-03-03,,,2020-03-03,1970-01-01,"2020-03-04 00:30:47"
498,"Golf 2 Rasta",Luanda,Belas,"Vila Estoril",-8.8784,13.23898,LD365,ERICSSON,DO.NOC,,,,,,,,,,2020-03-03,,,2020-03-03,1970-01-01,"2020-03-04 00:37:40"
499,"Golf 2 Vale",Luanda,Belas,"Vila Estoril",-8.873214,13.258402,BL119,ERICSSON,DO.NOC,,,,,,,,,,2020-03-03,,,2020-03-03,1970-01-01,"2020-03-04 00:37:40"
500,"Golf 28 de Agosto",Luanda,Belas,"Vila Estoril",-8.89085,13.23691,BL121,ERICSSON,DO.NOC,,,,,,,,,,2020-03-03,,,2020-03-03,1970-01-01,"2020-03-04 00:37:40"
501,"Golf 4 Pia Marta",Luanda,Belas,"Vila Estoril",-8.88325,13.24871,LD366,ERICSSON,DO.NOC,,,,,,,,,,2020-03-03,,,2020-03-03,1970-01-01,"2020-03-04 00:37:40"
502,"Golf 4",Luanda,Belas,Cassequel,-8.8705,13.2429,BL120,ERICSSON,DO.NOC,,,,,,,,,,2020-03-03,,,2020-03-03,1970-01-01,"2020-03-04 00:37:40"
505,HABV,Luanda,Luanda,Rangel,-8.82294,13.26097,LD122,ERICSSON,DO.NOC,,,,,,,,,,2020-03-03,,,2020-03-03,1970-01-01,"2020-03-04 00:37:40"
508,HCTA,Luanda,Belas,"Futungo de Belas",-8.916157,13.19683,BL123,ERICSSON,DO.NOC,,,,,,,,,,2020-03-03,,,2020-03-03,1970-01-01,"2020-03-04 00:37:40"
511,Honga,Luanda,Belas,"Benfica e Mussulo",-8.94196,13.19133,BL469,ERICSSON,DO.NOC,,,,,,,,,,2020-03-03,,,2020-03-03,1970-01-01,"2020-03-04 00:37:42"
514,"Hotel Bahia",Luanda,Luanda,Maianga,-8.819661,13.217019,LD124,ERICSSON,DO.NOC,,,,,,,,,,2020-03-03,,,2020-03-03,1970-01-01,"2020-03-04 00:37:42"
515,"Hotel Epic Sana",Luanda,Luanda,,-8.81479,13.23525,LD125,,DO.NOC,,,,,,,,,,2020-03-03,,,2020-03-03,1970-01-01,"2020-03-04 00:37:42"
523,Ilha,Luanda,Luanda,"Ilha do Cabo",-8.7945,13.2256,LD126,ERICSSON,DO.NOC,,,,,,,,,,2020-03-03,,,2020-03-03,1970-01-01,"2020-03-04 00:37:42"
524,"Ilha Gril",Luanda,Luanda,"Ilha do Cabo",-8.774708,13.24905,LD127,ERICSSON,DO.NOC,,,,,,,,,,2020-03-03,,,2020-03-03,1970-01-01,"2020-03-04 00:37:42"
526,IMEK,Luanda,Luanda,"Neves Bendinha",-8.84586,13.26256,LD372,ERICSSON,DO.NOC,,,,,,,,,,2020-03-03,,,2020-03-03,1970-01-01,"2020-03-04 00:37:43"
530,"Jacinto Tchipa",Luanda,Viana,Viana,-8.92088,13.33591,VA328,ERICSSON,DO.NOC,,,,,,,,,,2020-03-03,,,2020-03-03,1970-01-01,"2020-03-04 00:37:43"
532,"Jardim de Rosas",Luanda,Belas,Camama,-8.97176,13.23158,BL373,ERICSSON,DO.NOC,,,,,,,,,,2020-03-03,,,2020-03-03,1970-01-01,"2020-03-04 00:37:43"
533,"Jardim do Eden",Luanda,Belas,Camama,-8.938194,13.235917,BL128,ERICSSON,DO.NOC,,,,,,,,,,2020-03-03,,,2020-03-03,1970-01-01,"2020-03-04 00:37:43"
534,"Jardim do Eden 1",Luanda,Belas,Camama,-8.93812,13.25482,BL374,ERICSSON,DO.NOC,,,,,,,,,,2020-03-03,,,2020-03-03,1970-01-01,"2020-03-04 00:37:44"
536,Jornalistas,Luanda,Luanda,Maculusso,-8.82114,13.2353,LD129,ERICSSON,DO.NOC,,,,,,,,,,2020-03-03,,,2020-03-03,1970-01-01,"2020-03-04 00:37:44"
540,Kapalanca,Luanda,Viana,Viana,-8.90146,13.39518,VA131,ERICSSON,DO.NOC,,,,,,,,,,2020-03-03,,,2020-03-03,1970-01-01,"2020-03-04 00:37:44"
541,"Kapalanca zona A",Luanda,Viana,Viana,-8.91435,13.39092,VA375,ERICSSON,DO.NOC,,,,,,,,,,2020-03-03,,,2020-03-03,1970-01-01,"2020-03-04 00:37:44"
550,Kero,Luanda,Belas,"Kilamba Kiaxi",-8.894219,13.224214,BL133,ERICSSON,DO.NOC,,,,,,,,,,2020-03-03,,,2020-03-03,1970-01-01,"2020-03-04 00:37:45"
551,"Kicolo - Bom Pastor",Luanda,Cacuaco,Kicolo,-8.812638,13.336972,CA134,ERICSSON,DO.NOC,,,,,,,,,,2020-03-03,,,2020-03-03,1970-01-01,"2020-03-04 00:37:46"
552,"Kicolo Boa Esperança ",Luanda,Cacuaco,Kicolo,-8.784361,13.334583,CA135,ERICSSON,DO.NOC,,,,,,,,,,2020-03-03,,,2020-03-03,1970-01-01,"2020-03-04 00:37:46"
553,"Kifica 2",Luanda,Belas,"Benfica e Mussulo",-8.9563,13.19813,BL136,ERICSSON,DO.NOC,,,,,,,,,,2020-03-03,,,2020-03-03,1970-01-01,"2020-03-04 00:37:46"
554,"Kifica Mercado",Luanda,Belas,"Benfica e Mussulo",-8.962306,13.176806,BL137,ERICSSON,DO.NOC,,,,,,,,,,2020-03-03,,,2020-03-03,1970-01-01,"2020-03-04 00:37:46"
555,"Kikolo Praca",Luanda,Cacuaco,Kicolo,-8.79624,13.336448,CA380,ERICSSON,DO.NOC,,,,,,,,,,2020-03-03,,,2020-03-03,1970-01-01,"2020-03-04 00:37:46"
557,"Kikuxi Expresso",Luanda,Viana,Viana,-8.985944,13.37875,VA138,ERICSSON,DO.NOC,,,,,,,,,,2020-03-03,,,2020-03-03,1970-01-01,"2020-03-04 00:37:47"
558,"Kilamba C29",Luanda,Belas,"Kilamba Kiaxi",-8.99273,13.26344,BL139,ERICSSON,DO.NOC,,,,,,,,,,2020-03-03,,,2020-03-03,1970-01-01,"2020-03-04 00:37:47"
559,"Kilamba D23",Luanda,Belas,"Kilamba Kiaxi",-8.99676,13.25456,BL140,ERICSSON,DO.NOC,,,,,,,,,,2020-03-03,,,2020-03-03,1970-01-01,"2020-03-04 00:37:47"
560,"Kilamba ETAR",Luanda,Belas,"Kilamba Kiaxi",-8.984278,13.251389,LD141,ERICSSON,DO.NOC,,,,,,,,,,2020-03-03,,,2020-03-03,1970-01-01,"2020-03-04 00:37:47"
561,"Kilamba J25",Luanda,Belas,"Kilamba Kiaxi",-9.00502,13.25833,BL142,ERICSSON,DO.NOC,,,,,,,,,,2020-03-03,,,2020-03-03,1970-01-01,"2020-03-04 00:37:47"
562,"Kilamba Q19",Luanda,Belas,"Kilamba Kiaxi",-8.99685,13.26836,BL143,ERICSSON,DO.NOC,,,,,,,,,,2020-03-03,,,2020-03-03,1970-01-01,"2020-03-04 00:37:47"
563,"Kilamba S21",Luanda,Belas,"Kilamba Kiaxi",-8.99701,13.27497,BL144,ERICSSON,DO.NOC,,,,,,,,,,2020-03-03,,,2020-03-03,1970-01-01,"2020-03-04 00:37:47"
564,"Kilamba Via Kero",Luanda,Belas,,-9.006056,13.288194,LD146,,DO.NOC,,,,,,,,,,2020-03-03,,,2020-03-03,1970-01-01,"2020-03-04 00:37:48"
565,"Kilamba W23",Luanda,Belas,"Kilamba Kiaxi",-9.0005,13.2788,BL147,ERICSSON,DO.NOC,,,,,,,,,,2020-03-03,,,2020-03-03,1970-01-01,"2020-03-04 00:37:48"
566,"Kilamba X32",Luanda,Belas,"Kilamba Kiaxi",-9.005111,13.26822,BL148,ERICSSON,DO.NOC,,,,,,,,,,2020-03-03,,,2020-03-03,1970-01-01,"2020-03-04 00:37:48"
567,Kilamba_U_1,Luanda,Belas,"Vila Estoril",-8.911625,13.25194,BL149,ERICSSON,DO.NOC,,,,,,,,,,2020-03-03,,,2020-03-03,1970-01-01,"2020-03-04 00:37:48"
568,Kilamba_U_2,Luanda,Belas,"Vila Estoril",-8.881944,13.23027,BL150,ERICSSON,DO.NOC,,,,,,,,,,2020-03-03,,,2020-03-03,1970-01-01,"2020-03-04 00:37:48"
573,KKE6A,Luanda,Belas,"Kilamba KK500",-9.014725,13.283744,BL481,ERICSSON,DO.NOC,,,,,,,,,,2020-03-03,,,2020-03-03,1970-01-01,"2020-03-04 00:37:49"
574,KKJ18,Luanda,Belas,"Kilamba KK500",-9.020256,13.285422,BL482,ERICSSON,DO.NOC,,,,,,,,,,2020-03-03,,,2020-03-03,1970-01-01,"2020-03-04 00:37:49"
575,"Km 44",Luanda,"Icolo e Bengo","Bom Jesus",-9.033611,13.571667,VA153,ERICSSON,DO.NOC,,,,,,,,,,2020-03-03,,,2020-03-03,1970-01-01,"2020-03-04 00:37:49"
576,"KM 7",Luanda,Luanda,Cuca,-8.81706,13.2672,LD154,ERICSSON,DO.NOC,,,,,,,,,,2020-03-03,,,2020-03-03,1970-01-01,"2020-03-04 00:37:49"
577,"KM44 Bom Jesus",Luanda,"Icolo e Bengo","Bom Jesus",-9.04315,13.57481,CB381,ERICSSON,DO.NOC,,,,,,,,,,2020-03-03,,,2020-03-03,1970-01-01,"2020-03-04 00:37:49"
584,"Kwanza Curral",Luanda,Belas,Ramiros,-9.17989,13.1134,BL156,ERICSSON,DO.NOC,,,,,,,,,,2020-03-03,,,2020-03-03,1970-01-01,"2020-03-04 00:37:50"
585,"Kwanza Curral 2",Luanda,Belas,Ramiros,-9.203792,13.118353,BL157,ERICSSON,DO.NOC,,,,,,,,,,2020-03-03,,,2020-03-03,1970-01-01,"2020-03-04 00:37:50"
598,"Luanda Sul",Luanda,Belas,"Futungo de Belas",-8.91804,13.18335,BL160,ERICSSON,DO.NOC,,,,,,,,,,2020-03-03,,,2020-03-03,1970-01-01,"2020-03-04 00:37:52"
608,"Mabor 1",Luanda,Cazenga,Cazenga,-8.809835,13.314821,CZ162,ERICSSON,DO.NOC,,,,,,,,,,2020-03-03,,,2020-03-03,1970-01-01,"2020-03-04 00:37:53"
610,Macom,Luanda,Belas,"Kilamba Kiaxi",-8.878378,13.266744,BL164,ERICSSON,DO.NOC,,,,,,,,,,2020-03-03,,,2020-03-03,1970-01-01,"2020-03-04 00:37:53"
612,Maculusso,Luanda,Luanda,Maculusso,-8.821722,13.240388,LD165,ERICSSON,DO.NOC,,,,,,,,,,2020-03-03,,,2020-03-03,1970-01-01,"2020-03-04 00:37:54"
613,"Mae Preta",Luanda,Cazenga,Cazenga,-8.80817,13.293343,CZ166,ERICSSON,DO.NOC,,,,,,,,,,2020-03-03,,,2020-03-03,1970-01-01,"2020-03-04 00:37:54"
615,Maianga_DU_1,Luanda,Luanda,Maianga,-8.8295,13.230207,LD167,ERICSSON,DO.NOC,,,,,,,,,,2020-03-03,,,2020-03-03,1970-01-01,"2020-03-04 00:37:54"
616,Makarenco,Luanda,Luanda,,-8.823111,13.246472,LD168,,DO.NOC,,,,,,,,,,2020-03-03,,,2020-03-03,1970-01-01,"2020-03-04 00:37:54"
624,Mandume,Luanda,Viana,Viana,-8.95671,13.2958,VA169,ERICSSON,DO.NOC,,,,,,,,,,2020-03-03,,,2020-03-03,1970-01-01,"2020-03-04 00:37:55"
627,Marçal,Luanda,Luanda,Rangel,-8.82327,13.2533,LD170,ERICSSON,DO.NOC,,,,,,,,,,2020-03-03,,,2020-03-03,1970-01-01,"2020-03-04 00:37:57"
628,"Marco Historico",Luanda,Cacuaco,Cacuaco,-8.8297,13.407028,CA171,ERICSSON,DO.NOC,,,,,,,,,,2020-03-03,,,2020-03-03,1970-01-01,"2020-03-04 00:37:57"
629,"Maria do Ceu",Luanda,Cacuaco,Cacuaco,-8.81528,13.3511,CA172,ERICSSON,DO.NOC,,,,,,,,,,2020-03-03,,,2020-03-03,1970-01-01,"2020-03-04 00:37:57"
630,"Maria do Ceu 1",Luanda,Cacuaco,Cacuaco,-8.80495,13.340507,CA173,ERICSSON,DO.NOC,,,,,,,,,,2020-03-03,,,2020-03-03,1970-01-01,"2020-03-04 00:37:57"
631,"Maria Teresa",Luanda,"Icolo e Bengo",Calumbo,-9.251944,14.105278,CB174,ERICSSON,DO.NOC,,,,,,,,,,2020-03-03,,,2020-03-03,1970-01-01,"2020-03-04 00:37:58"
632,Martal,Luanda,Luanda,Maianga,-8.833472,13.230917,LD175,ERICSSON,DO.NOC,,,,,,,,,,2020-03-03,,,2020-03-03,1970-01-01,"2020-03-04 00:37:58"
638,"Mbonde chapeu 2",Luanda,Belas,Camama,-8.936467,13.214931,BL295,ERICSSON,DO.NOC,,,,,,,,,,2020-03-03,,,2020-03-03,1970-01-01,"2020-03-04 00:37:58"
639,"Mbonde Chapeu 3",Luanda,Belas,Camama,-8.93307,13.22601,BL292,ERICSSON,DO.NOC,,,,,,,,,,2020-03-03,,,2020-03-03,1970-01-01,"2020-03-04 00:37:59"
640,"Mbonde Sul",Luanda,Belas,"Futungo de Belas",-8.934167,13.205277,BL177,ERICSSON,DO.NOC,,,,,,,,,,2020-03-03,,,2020-03-03,1970-01-01,"2020-03-04 00:37:59"
641,"Mbonde Vale",Luanda,Belas,"Futungo de Belas",-8.914333,13.214139,BL178,ERICSSON,DO.NOC,,,,,,,,,,2020-03-03,,,2020-03-03,1970-01-01,"2020-03-04 00:37:59"
642,"Memorial Agostinho Neto",Luanda,Luanda,Maianga,-8.824194,13.219015,LD179,ERICSSON,DO.NOC,,,,,,,,,,2020-03-03,,,2020-03-03,1970-01-01,"2020-03-04 00:37:59"
644,"Mercado Salale",Luanda,Cazenga,Cazenga,-8.88499,13.32772,CZ180,ERICSSON,DO.NOC,,,,,,,,,,2020-03-03,,,2020-03-03,1970-01-01,"2020-03-04 00:37:59"
646,"Metro Mall",Luanda,Belas,"Kilamba Kiaxi",-8.8622,13.26261,BL181,ERICSSON,DO.NOC,,,,,,,,,,2020-03-03,,,2020-03-03,1970-01-01,"2020-03-04 00:37:59"
650,Miramar,Luanda,Luanda,,-8.81164,13.2465,LD182,,DO.NOC,,,,,,,,,,2020-03-03,,,2020-03-03,1970-01-01,"2020-03-04 00:38:00"
652,Moagem,Luanda,Viana,Viana,-8.87386,13.3319,VA183,ERICSSON,DO.NOC,,,,,,,,,,2020-03-03,,,2020-03-03,1970-01-01,"2020-03-04 00:38:00"
655,Monumento,Luanda,Luanda,Maianga,-8.8245,13.221361,LD184,ERICSSON,DO.NOC,,,,,,,,,,2020-03-03,,,2020-03-03,1970-01-01,"2020-03-04 00:38:01"
656,Morabeza,Luanda,Belas,"Futungo de Belas",-8.92584,13.1973,BL185,ERICSSON,DO.NOC,,,,,,,,,,2020-03-03,,,2020-03-03,1970-01-01,"2020-03-04 00:38:01"
658,"Morro Bento",Luanda,Belas,"Futungo de Belas",-8.89917,13.1869,BL186,ERICSSON,DO.NOC,,,,,,,,,,2020-03-03,,,2020-03-03,1970-01-01,"2020-03-04 00:38:01"
659,"Morro Bento 1",Luanda,Belas,"Futungo de Belas",-8.897798,13.195196,BL187,ERICSSON,DO.NOC,,,,,,,,,,2020-03-03,,,2020-03-03,1970-01-01,"2020-03-04 00:38:01"
660,"Morro da Cruz",Luanda,Belas,"Benfica e Mussulo",-8.96447,13.1048,BL188,ERICSSON,DO.NOC,,,,,,,,,,2020-03-03,,,2020-03-03,1970-01-01,"2020-03-04 00:38:01"
661,"Morro da Luz",Luanda,Luanda,"Rocha Pinto",-8.868061,13.208599,BL189,ERICSSON,DO.NOC,,,,,,,,,,2020-03-03,,,2020-03-03,1970-01-01,"2020-03-04 00:38:01"
662,MSTelecom,Luanda,Cacuaco,Cacuaco,-8.772368,13.29963,CA190,ERICSSON,DO.NOC,,,,,,,,,,2020-03-03,,,2020-03-03,1970-01-01,"2020-03-04 00:38:01"
668,"Mulenvo Maulo",Luanda,Cazenga,Sambizanga,-8.861972,13.335528,CZ191,ERICSSON,DO.NOC,,,,,,,,,,2020-03-03,,,2020-03-03,1970-01-01,"2020-03-04 00:50:46"
669,"Mulenvos 4 Imbondeiro",Luanda,Viana,Viana,-8.84934,13.32887,VA385,ERICSSON,DO.NOC,,,,,,,,,,2020-03-03,,,2020-03-03,1970-01-01,"2020-03-04 00:50:46"
670,"Mulenvos 500 Casas",Luanda,Viana,Viana,-8.8345,13.332166,VA192,ERICSSON,DO.NOC,,,,,,,,,,2020-03-03,,,2020-03-03,1970-01-01,"2020-03-04 00:50:46"
671,"Mulenvos Bananeira",Luanda,Cazenga,Sambizanga,-8.84389,13.321314,CZ193,ERICSSON,DO.NOC,,,,,,,,,,2020-03-03,,,2020-03-03,1970-01-01,"2020-03-04 00:50:46"
672,"Mulenvos Malueca",Luanda,Cazenga,Sambizanga,-8.82963,13.33748,CZ194,ERICSSON,DO.NOC,,,,,,,,,,2020-03-03,,,2020-03-03,1970-01-01,"2020-03-04 00:50:46"
673,"Mulenvos Sul",Luanda,Viana,Viana,-8.991139,13.3574,VA195,ERICSSON,DO.NOC,,,,,,,,,,2020-03-03,,,2020-03-03,1970-01-01,"2020-03-04 00:50:46"
675,"Mulundo Brigada",Luanda,Cacuaco,Funda,-8.82114,13.49207,CA386,ERICSSON,DO.NOC,,,,,,,,,,2020-03-03,,,2020-03-03,1970-01-01,"2020-03-04 00:50:46"
681,"Mussende Kicuxi",Luanda,Viana,Zango,-8.957583,13.383944,VA196,ERICSSON,DO.NOC,,,,,,,,,,2020-03-03,,,2020-03-03,1970-01-01,"2020-03-04 00:50:47"
683,Mussulo,Luanda,Belas,"Benfica e Mussulo",-8.90738,13.11118,BL197,ERICSSON,DO.NOC,,,,,,,,,,2020-03-03,,,2020-03-03,1970-01-01,"2020-03-04 00:50:47"
684,"Mussulo 3",Luanda,Belas,"Benfica e Mussulo",-8.88032,13.133367,BL199,ERICSSON,DO.NOC,,,,,,,,,,2020-03-03,,,2020-03-03,1970-01-01,"2020-03-04 00:50:47"
685,"Mussulo Administracao",Luanda,Belas,"Benfica e Mussulo",-8.88772,13.13305,BL200,ERICSSON,DO.NOC,,,,,,,,,,2020-03-03,,,2020-03-03,1970-01-01,"2020-03-04 00:50:47"
686,Mussulo_2,Luanda,Belas,"Benfica e Mussulo",-8.94512,13.07298,BL198,ERICSSON,DO.NOC,,,,,,,,,,2020-03-03,,,2020-03-03,1970-01-01,"2020-03-04 00:50:48"
687,Mutões,Luanda,"Icolo e Bengo","Bom Jesus",-8.98612,13.49614,VA201,ERICSSON,DO.NOC,,,,,,,,,,2020-03-03,,,2020-03-03,1970-01-01,"2020-03-04 00:50:48"
688,Muxima,Luanda,,Muxima,-9.520556,13.956389,126,ZTE,DO.NOC,,,,,,,,,,2020-03-03,,,2020-03-03,1970-01-01,"2020-03-04 00:50:48"
689,"Muxima Katondo",Luanda,,Muxima,-9.51625,13.95119,530,ZTE,DO.NOC,,,,,,,,,,2020-03-03,,,2020-03-03,1970-01-01,"2020-03-04 00:50:48"
690,"Muxima Pita",Luanda,,Muxima,-9.52439,13.96061,689,ZTE,DO.NOC,,,,,,,,,,2020-03-03,,,2020-03-03,1970-01-01,"2020-03-04 00:50:48"
694,"Ndala Mulemba",Luanda,Cacuaco,Kicolo,-8.7711,13.31783,CA389,ERICSSON,DO.NOC,,,,,,,,,,2020-03-03,,,2020-03-03,1970-01-01,"2020-03-04 00:50:49"
702,Nocal,Luanda,Cazenga,Cazenga,-8.80394,13.2848,CZ203,ERICSSON,DO.NOC,,,,,,,,,,2020-03-03,,,2020-03-03,1970-01-01,"2020-03-04 00:50:49"
703,"Norberto de Castro",Luanda,Viana,Viana,-8.90476,13.41432,VA204,ERICSSON,DO.NOC,,,,,,,,,,2020-03-03,,,2020-03-03,1970-01-01,"2020-03-04 00:50:49"
704,"Nossa Senhora da Graca",Luanda,Luanda,Rangel,-8.82291,13.2717,LD346,ERICSSON,DO.NOC,,,,,,,,,,2020-03-03,,,2020-03-03,1970-01-01,"2020-03-04 00:50:50"
706,"Nova vida",Luanda,Belas,"Nova Vida",-8.907083,13.230278,BL205,ERICSSON,DO.NOC,,,,,,,,,,2020-03-03,,,2020-03-03,1970-01-01,"2020-03-04 00:50:50"
707,"Nova Vida Lixeira",Luanda,Belas,"Vila Estoril",-8.90107,13.23959,BL305,ERICSSON,DO.NOC,,,,,,,,,,2020-03-03,,,2020-03-03,1970-01-01,"2020-03-04 00:50:50"
713,"Palacio da Justiça",Luanda,Luanda,Maianga,-8.820581,13.227636,LD206,ERICSSON,DO.NOC,,,,,,,,,,2020-03-03,,,2020-03-03,1970-01-01,"2020-03-04 00:50:50"
715,Palanca,Luanda,Luanda,Palanca,-8.85222,13.2706,LD207,ERICSSON,DO.NOC,,,,,,,,,,2020-03-03,,,2020-03-03,1970-01-01,"2020-03-04 00:50:51"
716,"Palanca Sul",Luanda,Luanda,Palanca,-8.863693,13.274679,LD209,ERICSSON,DO.NOC,,,,,,,,,,2020-03-03,,,2020-03-03,1970-01-01,"2020-03-04 00:50:51"
717,"Palanca UCAN",Luanda,Luanda,"Neves Bendinha",-8.85832,13.27995,LD393,ERICSSON,DO.NOC,,,,,,,,,,2020-03-03,,,2020-03-03,1970-01-01,"2020-03-04 00:50:51"
725,Patriota,Luanda,Belas,"Benfica e Mussulo",-8.91505,13.168806,BL210,ERICSSON,DO.NOC,,,,,,,,,,2020-03-03,,,2020-03-03,1970-01-01,"2020-03-04 00:50:52"
726,"Patriota 1",Luanda,Belas,"Benfica ",-8.97688,13.21272,BL401,ERICSSON,DO.NOC,,,,,,,,,,2020-03-03,,,2020-03-03,1970-01-01,"2020-03-04 00:50:52"
727,"Patriota Bairro",Luanda,Belas,"Benfica ",-8.95203,13.21256,BL457,ERICSSON,DO.NOC,,,,,,,,,,2020-03-03,,,2020-03-03,1970-01-01,"2020-03-04 00:50:52"
730,Petrangol,Luanda,Cazenga,Sambizanga,-8.78874,13.29394,CZ211,ERICSSON,DO.NOC,,,,,,,,,,2020-03-03,,,2020-03-03,1970-01-01,"2020-03-04 00:50:52"
731,"Petrangol Sodofil",Luanda,Cazenga,Petrangol,-8.794917,13.305611,CA212,ERICSSON,DO.NOC,,,,,,,,,,2020-03-03,,,2020-03-03,1970-01-01,"2020-03-04 00:50:53"
732,"Petrangol Sul",Luanda,Cazenga,Cazenga,-8.7975,13.296117,CZ213,ERICSSON,DO.NOC,,,,,,,,,,2020-03-03,,,2020-03-03,1970-01-01,"2020-03-04 00:50:53"
733,Piaget,Luanda,Viana,Viana,-8.895997,13.427125,VA214,ERICSSON,DO.NOC,,,,,,,,,,2020-03-03,,,2020-03-03,1970-01-01,"2020-03-04 00:50:53"
734,"Piaget 2",Luanda,Viana,Viana,-8.910077,13.404527,VA405,ERICSSON,DO.NOC,,,,,,,,,,2020-03-03,,,2020-03-03,1970-01-01,"2020-03-04 00:50:53"
736,"Ponte do caminho de Ferro",Luanda,Cacuaco,Cacuaco,-8.758994,13.421867,CA215,ERICSSON,DO.NOC,,,,,,,,,,2020-03-03,,,2020-03-03,1970-01-01,"2020-03-04 00:50:53"
739,"Porto Textang",Luanda,Cazenga,Cazenga,-8.80161,13.2653,CZ216,ERICSSON,DO.NOC,,,,,,,,,,2020-03-03,,,2020-03-03,1970-01-01,"2020-03-04 00:50:53"
743,"Praça Sao Paulo",Luanda,Luanda,Rangel,-8.816679,13.255176,LD217,ERICSSON,DO.NOC,,,,,,,,,,2020-03-03,,,2020-03-03,1970-01-01,"2020-03-04 00:50:54"
744,"Praia Amelia",Luanda,Belas,"Rocha Pinto",-8.86879,13.19949,BL218,ERICSSON,DO.NOC,,,,,,,,,,2020-03-03,,,2020-03-03,1970-01-01,"2020-03-04 00:50:54"
749,Prenda,Luanda,Luanda,Prenda,-8.83492,13.22183,LD220,ERICSSON,DO.NOC,,,,,,,,,,2020-03-03,,,2020-03-03,1970-01-01,"2020-03-04 00:50:55"
750,"Prenda Laboratorio",Luanda,Luanda,Prenda,-8.84311,13.2235,LD409,ERICSSON,DO.NOC,,,,,,,,,,2020-03-03,,,2020-03-03,1970-01-01,"2020-03-04 00:50:55"
751,"Prenda Lote 17",Luanda,Luanda,Prenda,-8.837833,13.222997,LD221,ERICSSON,DO.NOC,,,,,,,,,,2020-03-03,,,2020-03-03,1970-01-01,"2020-03-04 00:50:55"
752,"Prenda Predio Cooperacao",Luanda,Luanda,Prenda,-8.838781,13.228439,LD222,ERICSSON,DO.NOC,,,,,,,,,,2020-03-03,,,2020-03-03,1970-01-01,"2020-03-04 00:50:55"
769,"Quintalao do Petro",Luanda,Luanda,"Vila Estoril",-8.88961,13.24443,LD410,ERICSSON,DO.NOC,,,,,,,,,,2020-03-03,,,2020-03-03,1970-01-01,"2020-03-04 00:50:57"
775,Ramiros,Luanda,Belas,Ramiros,-9.05817,13.048,BL223,ERICSSON,DO.NOC,,,,,,,,,,2020-03-03,,,2020-03-03,1970-01-01,"2020-03-04 00:50:57"
776,"Ramiros 2",Luanda,Belas,Ramiros,-9.11867,13.02208,BL224,ERICSSON,DO.NOC,,,,,,,,,,2020-03-03,,,2020-03-03,1970-01-01,"2020-03-04 00:50:57"
777,Rangel,Luanda,Luanda,Rangel,-8.830888,13.269472,CZ225,ERICSSON,DO.NOC,,,,,,,,,,2020-03-03,,,2020-03-03,1970-01-01,"2020-03-04 00:50:58"
779,Reco-lixo,Luanda,Viana,Viana,-8.854361,13.356472,CZ226,ERICSSON,DO.NOC,,,,,,,,,,2020-03-03,,,2020-03-03,1970-01-01,"2020-03-04 00:50:58"
780,Refinaria,Luanda,Cacuaco,Cacuaco,-8.769444,13.302778,CA227,ERICSSON,DO.NOC,,,,,,,,,,2020-03-03,,,2020-03-03,1970-01-01,"2020-03-04 00:50:58"
781,Refriango,Luanda,Viana,Zango,-8.963417,13.377028,VA228,ERICSSON,DO.NOC,,,,,,,,,,2020-03-03,,,2020-03-03,1970-01-01,"2020-03-04 00:50:58"
785,"Rocha Pinto",Luanda,Luanda,"Rocha Pinto",-8.85697,13.2145,BL229,ERICSSON,DO.NOC,,,,,,,,,,2020-03-03,,,2020-03-03,1970-01-01,"2020-03-04 00:50:59"
786,"Rocha Pinto Parque",Luanda,Luanda,"Rocha Pinto",-8.86396,13.21877,BL230,ERICSSON,DO.NOC,,,,,,,,,,2020-03-03,,,2020-03-03,1970-01-01,"2020-03-04 00:50:59"
795,Sambila,Luanda,Viana,Viana,-8.937055,13.4311111,VA231,ERICSSON,DO.NOC,,,,,,,,,,2020-03-03,,,2020-03-03,1970-01-01,"2020-03-04 00:51:00"
796,Sambizanga_U,Luanda,Luanda,Sambizanga,-8.811121,13.255641,CZ233,ERICSSON,DO.NOC,,,,,,,,,,2020-03-03,,,2020-03-03,1970-01-01,"2020-03-04 00:51:00"
798,Sangano,Luanda,,"Cabo Ledo",-9.557267,13.1998,QA234,ERICSSON,DO.NOC,,,,,,,,,,2020-03-03,,,2020-03-03,1970-01-01,"2020-03-04 00:51:00"
800,"São Brás",Luanda,,Quissama,-9.782853,13.287622,QA235,ERICSSON,DO.NOC,,,,,,,,,,2020-03-03,,,2020-03-03,1970-01-01,"2020-03-04 00:51:00"
804,Sapu,Luanda,Belas,"Kilamba Kiaxi",-8.88022,13.27541,LD236,ERICSSON,DO.NOC,,,,,,,,,,2020-03-03,,,2020-03-03,1970-01-01,"2020-03-04 00:51:01"
805,"Sapu 2",Luanda,Belas,"Kilamba Kiaxi",-8.93192,13.32162,VA237,ERICSSON,DO.NOC,,,,,,,,,,2020-03-03,,,2020-03-03,1970-01-01,"2020-03-04 00:51:01"
806,"Sapu Jango",Luanda,Belas,Camama,-8.941215,13.328112,BL414,ERICSSON,DO.NOC,,,,,,,,,,2020-03-03,,,2020-03-03,1970-01-01,"2020-03-04 00:51:01"
807,"Sapu Norte",Luanda,Luanda,Palanca,-8.865833,13.283055,LD238,ERICSSON,DO.NOC,,,,,,,,,,2020-03-03,,,2020-03-03,1970-01-01,"2020-03-04 00:51:01"
808,"Sapu Sul",Luanda,Belas,"Kilamba Kiaxi",-8.889074,13.288166,VA239,ERICSSON,DO.NOC,,,,,,,,,,2020-03-03,,,2020-03-03,1970-01-01,"2020-03-04 00:51:01"
815,"Seminário Maior",Luanda,Luanda,Cassequel,-8.834972,13.245933,LD240,ERICSSON,DO.NOC,,,,,,,,,,2020-03-03,,,2020-03-03,1970-01-01,"2020-03-04 00:51:02"
816,Sequel,Luanda,Cacuaco,Cacuaco,-8.8076388,13.457583,CA241,ERICSSON,DO.NOC,,,,,,,,,,2020-03-03,,,2020-03-03,1970-01-01,"2020-03-04 00:51:02"
818,"Soba Kapassa",Luanda,Belas,"Vila Estoril",-8.899292,13.252572,BL242,ERICSSON,DO.NOC,,,,,,,,,,2020-03-03,,,2020-03-03,1970-01-01,"2020-03-04 00:51:02"
821,Sonangol,Luanda,Luanda,Maculusso,-8.813941,13.230888,LD243,ERICSSON,DO.NOC,,,,,,,,,,2020-03-03,,,2020-03-03,1970-01-01,"2020-03-04 00:51:03"
822,"Sonangol Bita",Luanda,Belas,Bita,-9.07149,13.22695,BL244,ERICSSON,DO.NOC,,,,,,,,,,2020-03-03,,,2020-03-03,1970-01-01,"2020-03-04 00:51:03"
823,"Sonangol Bita Estrada",Luanda,Belas,Bita,-9.02623,13.22414,BL245,ERICSSON,DO.NOC,,,,,,,,,,2020-03-03,,,2020-03-03,1970-01-01,"2020-03-04 00:51:03"
827,"Suave Campo Eurico",Luanda,Viana,Viana,-8.910417,13.333944,VA246,ERICSSON,DO.NOC,,,,,,,,,,2020-03-03,,,2020-03-03,1970-01-01,"2020-03-04 00:51:04"
833,Talatona,Luanda,Belas,"Futungo de Belas",-8.907778,13.20527,BL247,ERICSSON,DO.NOC,,,,,,,,,,2020-03-03,,,2020-03-03,1970-01-01,"2020-03-04 00:51:04"
834,"Talatona Central",Luanda,Belas,"Futungo de Belas",-8.933888,13.18375,BL248,ERICSSON,DO.NOC,,,,,,,,,,2020-03-03,,,2020-03-03,1970-01-01,"2020-03-04 00:51:05"
835,Tamariz,Luanda,Luanda,"Ilha do Cabo",-8.767444,13.256916,LD249,ERICSSON,DO.NOC,,,,,,,,,,2020-03-03,,,2020-03-03,1970-01-01,"2020-03-04 00:51:05"
841,"Terra Nova",Luanda,Luanda,"Terra Nova",-8.83931,13.2667,LD250,ERICSSON,DO.NOC,,,,,,,,,,2020-03-03,,,2020-03-03,1970-01-01,"2020-03-04 00:53:25"
846,"Torre Ambiente",Luanda,Luanda,Luanda,-8.809528,13.239537,LD443,ERICSSON,DO.NOC,,,,,,,,,,2020-03-03,,,2020-03-03,1970-01-01,"2020-03-04 00:53:25"
847,"Torres do Carmo",Luanda,Luanda,Ingombota,-8.81637,13.233877,LD251,ERICSSON,DO.NOC,,,,,,,,,,2020-03-03,,,2020-03-03,1970-01-01,"2020-03-04 00:53:25"
848,Total,Luanda,Luanda,Luanda,-8.809723,13.239727,LD477,ERICSSON,DO.NOC,,,,,,,,,,2020-03-03,,,2020-03-03,1970-01-01,"2020-03-04 00:53:25"
850,"TPA Camama",Luanda,Belas,Camama,-8.96371,13.24975,BL460,ERICSSON,DO.NOC,,,,,,,,,,2020-03-03,,,2020-03-03,1970-01-01,"2020-03-04 00:53:25"
851,"UAN Camama",Luanda,Belas,Camama,-8.9258611,13.268028,BL252,ERICSSON,DO.NOC,,,,,,,,,,2020-03-03,,,2020-03-03,1970-01-01,"2020-03-04 00:53:26"
857,Vacaria,Luanda,Belas,Camama,-8.960614,13.286738,BL420,ERICSSON,DO.NOC,,,,,,,,,,2020-03-03,,,2020-03-03,1970-01-01,"2020-03-04 00:53:26"
860,Viana,Luanda,Viana,Viana,-8.90688,13.37193,VA254,ERICSSON,DO.NOC,,,,,,,,,,2020-03-03,,,2020-03-03,1970-01-01,"2020-03-04 00:53:27"
861,"Viana 1º Maio DEE",Luanda,Viana,Viana,-8.91588,13.36713,VA256,ERICSSON,DO.NOC,,,,,,,,,,2020-03-03,,,2020-03-03,1970-01-01,"2020-03-04 00:53:27"
862,"Viana Bairro Chamavo",Luanda,Viana,Viana,-8.871417,13.407139,VA257,ERICSSON,DO.NOC,,,,,,,,,,2020-03-03,,,2020-03-03,1970-01-01,"2020-03-04 00:53:27"
863,"Viana BCA",Luanda,Cazenga,Cazenga,-8.862299,13.30625,VA258,ERICSSON,DO.NOC,,,,,,,,,,2020-03-03,,,2020-03-03,1970-01-01,"2020-03-04 00:53:27"
864,"Viana Cajueiro",Luanda,Viana,Viana,-8.911393,13.35258,VA259,ERICSSON,DO.NOC,,,,,,,,,,2020-03-03,,,2020-03-03,1970-01-01,"2020-03-04 00:53:27"
865,"Viana Caope ",Luanda,Viana,Viana,-8.90135,13.38167,VA421,ERICSSON,DO.NOC,,,,,,,,,,2020-03-03,,,2020-03-03,1970-01-01,"2020-03-04 00:53:27"
866,"Viana Comarca",Luanda,Viana,Viana,-8.897861,13.360047,VA422,ERICSSON,DO.NOC,,,,,,,,,,2020-03-03,,,2020-03-03,1970-01-01,"2020-03-04 00:53:27"
867,"Viana Desco",Luanda,Viana,Viana,-8.924583,13.381142,VA260,ERICSSON,DO.NOC,,,,,,,,,,2020-03-03,,,2020-03-03,1970-01-01,"2020-03-04 00:53:28"
868,"Viana Kapalanca",Luanda,Viana,Viana,-8.885236,13.414012,VA423,ERICSSON,DO.NOC,,,,,,,,,,2020-03-03,,,2020-03-03,1970-01-01,"2020-03-04 00:53:28"
869,"Viana Km 14_2",Luanda,Viana,Viana,-8.90145,13.34558,VA424,ERICSSON,DO.NOC,,,,,,,,,,2020-03-03,,,2020-03-03,1970-01-01,"2020-03-04 00:53:28"
870,"Viana Km30",Luanda,Viana,Viana,-8.962275,13.483727,VA425,ERICSSON,DO.NOC,,,,,,,,,,2020-03-03,,,2020-03-03,1970-01-01,"2020-03-04 00:53:28"
871,"Viana Miru",Luanda,Viana,Viana,-8.863192,13.348059,VA263,ERICSSON,DO.NOC,,,,,,,,,,2020-03-03,,,2020-03-03,1970-01-01,"2020-03-04 00:53:28"
872,"Viana Norte",Luanda,Viana,Viana,-8.847222,13.345277,VA264,ERICSSON,DO.NOC,,,,,,,,,,2020-03-03,,,2020-03-03,1970-01-01,"2020-03-04 00:53:28"
873,"Viana Parque Industrial",Luanda,Viana,"Zona Industrial",-8.941188,13.398865,VA426,ERICSSON,DO.NOC,,,,,,,,,,2020-03-03,,,2020-03-03,1970-01-01,"2020-03-04 00:53:29"
874,"Viana Porto Seco",Luanda,Viana,"Porto seco",-8.921421,13.411886,VA265,ERICSSON,DO.NOC,,,,,,,,,,2020-03-03,,,2020-03-03,1970-01-01,"2020-03-04 00:53:29"
875,"Viana Regedoria",Luanda,Viana,Regedoria,-8.923078,13.372314,VA266,ERICSSON,DO.NOC,,,,,,,,,,2020-03-03,,,2020-03-03,1970-01-01,"2020-03-04 00:53:29"
876,"Viana Sacrifício",Luanda,Viana,"Bairro Sacrifício ",-8.947194,13.353861,VA267,ERICSSON,DO.NOC,,,,,,,,,,2020-03-03,,,2020-03-03,1970-01-01,"2020-03-04 00:53:29"
877,"Viana Sul",Luanda,Viana,Viana,-8.942778,13.37861,VA268,ERICSSON,DO.NOC,,,,,,,,,,2020-03-03,,,2020-03-03,1970-01-01,"2020-03-04 00:53:29"
878,"Viana Swapo",Luanda,Viana,Viana,-8.871944,13.368056,VA269,ERICSSON,DO.NOC,,,,,,,,,,2020-03-03,,,2020-03-03,1970-01-01,"2020-03-04 00:53:29"
879,"Viana Vila Nova",Luanda,Viana,"Vila Nova",-8.888637,13.373537,VA270,ERICSSON,DO.NOC,,,,,,,,,,2020-03-03,,,2020-03-03,1970-01-01,"2020-03-04 00:53:29"
880,"Victoria certa",Luanda,Belas,"Kilamba Kiaxi",-8.89371,13.26955,LD271,ERICSSON,DO.NOC,,,,,,,,,,2020-03-03,,,2020-03-03,1970-01-01,"2020-03-04 00:53:30"
881,"Vila Alice",Luanda,Luanda,"Terra Nova",-8.833083,13.256806,LD272,ERICSSON,DO.NOC,,,,,,,,,,2020-03-03,,,2020-03-03,1970-01-01,"2020-03-04 00:53:30"
882,"Vila da Mata",Luanda,Cazenga,Cazenga,-8.85256,13.31134,CZ427,ERICSSON,DO.NOC,,,,,,,,,,2020-03-03,,,2020-03-03,1970-01-01,"2020-03-04 00:53:30"
883,"Vila Espa",Luanda,Belas,Camama,-8.898968,13.204425,BL294,ERICSSON,DO.NOC,,,,,,,,,,2020-03-03,,,2020-03-03,1970-01-01,"2020-03-04 00:53:30"
884,"Vila Flor Comissão ",Luanda,Belas,Camama,-8.98432,13.32667,LD461,ERICSSON,DO.NOC,,,,,,,,,,2020-03-03,,,2020-03-03,1970-01-01,"2020-03-04 00:53:30"
885,"Vila Flor Comissão 2",Luanda,Belas,Camama,-9.00564,13.32225,BL428,ERICSSON,DO.NOC,,,,,,,,,,2020-03-03,,,2020-03-03,1970-01-01,"2020-03-04 00:53:30"
886,"Vila Kiaxi",Luanda,Belas,Camama,-8.919528,13.279056,BL273,ERICSSON,DO.NOC,,,,,,,,,,2020-03-03,,,2020-03-03,1970-01-01,"2020-03-04 00:53:30"
888,"Vila Nando",Luanda,Belas,"Kilamba Kiaxi",-8.923811,13.303481,BL274,ERICSSON,DO.NOC,,,,,,,,,,2020-03-03,,,2020-03-03,1970-01-01,"2020-03-04 00:53:30"
892,"Wenge Maka",Luanda,Belas,Camama,-8.89715,13.28317,BL276,ERICSSON,DO.NOC,,,,,,,,,,2020-03-03,,,2020-03-03,1970-01-01,"2020-03-04 00:53:31"
893,"Weza Paradise",Luanda,Viana,"Weza Paradise",-8.97247,13.30238,VA277,ERICSSON,DO.NOC,,,,,,,,,,2020-03-03,,,2020-03-03,1970-01-01,"2020-03-04 00:53:31"
898,Zango,Luanda,Viana,Zango,-9.00572,13.4009,VA278,ERICSSON,DO.NOC,,,,,,,,,,2020-03-03,,,2020-03-03,1970-01-01,"2020-03-04 00:53:32"
899,"Zango 0",Luanda,Viana,Zango,-8.985688,13.402034,VA429,ERICSSON,DO.NOC,,,,,,,,,,2020-03-03,,,2020-03-03,1970-01-01,"2020-03-04 00:53:32"
900,"Zango 1",Luanda,Viana,Zango,-8.971056,13.407556,VA283,ERICSSON,DO.NOC,,,,,,,,,,2020-03-03,,,2020-03-03,1970-01-01,"2020-03-04 00:53:32"
901,"Zango 1 Max",Luanda,Viana,Zango,-9.01694,13.41284,VA430,ERICSSON,DO.NOC,,,,,,,,,,2020-03-03,,,2020-03-03,1970-01-01,"2020-03-04 00:53:32"
902,"Zango 1 Rua B",Luanda,Viana,Zango,-9.015069,13.397711,VA279,ERICSSON,DO.NOC,,,,,,,,,,2020-03-03,,,2020-03-03,1970-01-01,"2020-03-04 00:53:32"
903,"ZANGO 2 - Instituto Medio",Luanda,Viana,Zango,-9.03767,13.40267,VA280,ERICSSON,DO.NOC,,,,,,,,,,2020-03-03,,,2020-03-03,1970-01-01,"2020-03-04 00:53:32"
904,"Zango 4 Comissao",Luanda,Viana,"Zango 4",-9.06202,13.4010482,VA438,ERICSSON,DO.NOC,,,,,,,,,,2020-03-03,,,2020-03-03,1970-01-01,"2020-03-04 00:53:32"
905,"Zango 4 vila",Luanda,Viana,"Zango 4",-9.06202,13.43184,VA431,ERICSSON,DO.NOC,,,,,,,,,,2020-03-03,,,2020-03-03,1970-01-01,"2020-03-04 00:53:32"
906,"Zango Boa Esperança",Luanda,Viana,Zango,-9.022861,13.370139,VA281,ERICSSON,DO.NOC,,,,,,,,,,2020-03-03,,,2020-03-03,1970-01-01,"2020-03-04 00:53:33"
907,"Zango Ed II-10-1",Luanda,Viana,Zango,-8.98307,13.39832,VA462,ERICSSON,DO.NOC,,,,,,,,,,2020-03-03,,,2020-03-03,1970-01-01,"2020-03-04 00:53:33"
908,"Zango Ed II-15-2",Luanda,Viana,"Zango 0",-8.983053,13.401898,523,NA,DO.NOC,,,,,,,,,,2020-03-03,,,2020-03-03,1970-01-01,"2020-03-04 00:53:33"
909,"Zango Ed II-3-4",Luanda,Viana,Zango,-8.97934,13.399139,VA435,ERICSSON,DO.NOC,,,,,,,,,,2020-03-03,,,2020-03-03,1970-01-01,"2020-03-04 00:53:33"
910,"Zango Ed III-1-1",Luanda,Viana,Zango,-8.97711,13.40213,VA436,ERICSSON,DO.NOC,,,,,,,,,,2020-03-03,,,2020-03-03,1970-01-01,"2020-03-04 00:53:33"
911,"Zango V",Luanda,Viana,Zango,-9.084054,13.413022,VA282,ERICSSON,DO.NOC,,,,,,,,,,2020-03-03,,,2020-03-03,1970-01-01,"2020-03-04 00:53:33"
913,"ZEE 1",Luanda,Viana,ZEE,-8.97745,13.44507,VA284,ERICSSON,DO.NOC,,,,,,,,,,2020-03-03,,,2020-03-03,1970-01-01,"2020-03-04 00:53:33"
914,"ZEE 2",Luanda,Viana,,-8.95898,13.45474,VA285,ZTE,DO.NOC,," TEST1",GreenField,BS8800,"Luanda MSCe",Malange,"Talatona BSC","Malanje RNC",PH1,2020-03-03,"On Air",Teste,2020-03-03,1970-01-01,"2020-03-04 00:53:34"
915,"ZEE 3",Luanda,Viana,,-8.9533,13.43772,VA439,,DO.NOC,,,,,,,,,,2020-03-03,,,2020-03-03,1970-01-01,"2020-03-04 00:53:34"
916,"Zona verde ",Luanda,Belas,"Benfica e Mussulo",-9.00261,13.18317,BL440,ERICSSON,DO.NOC,,,,,,,,,,2020-03-03,,,2020-03-03,1970-01-01,"2020-03-04 00:53:34"
917,"Zona verde 4",Luanda,Belas,"Benfica e Mussulo",-8.972309,13.156258,BL291,ERICSSON,DO.NOC,,,,,,,,,,2020-03-03,,,2020-03-03,1970-01-01,"2020-03-04 00:53:34"
918,"Zona verde II",Luanda,Belas,"Benfica e Mussulo",-8.98641,13.177527,BL286,ERICSSON,DO.NOC,,,,,,,,,,2020-03-03,,,2020-03-03,1970-01-01,"2020-03-04 00:53:34"
919,"Zona Verde III",Luanda,Belas,"Benfica e Mussulo",-9.01551,13.19335,BL287,ERICSSON,DO.NOC,,,,,,,,,,2020-03-03,,,2020-03-03,1970-01-01,"2020-03-04 00:53:34"
921,UBV,Luanda,Belas,"Urbanização Boa Vida",,,BL474,ERICSSON,DO.NOC,,,,,,,,,,2020-03-03,,,2020-03-03,1970-01-01,"2020-03-04 00:53:34"
968,"Loja Morro Bento",Luanda,Luanda,Luanda,,,N/D,Ericsson,,,,,,,,,,,1970-01-01,,,1970-01-01,1970-01-01,"2020-05-13 12:01:33"
969,"Loja Combatentes",Luanda,Rangel,Rangel,,,NA,Ericsson,,,,,,,,,,,1970-01-01,,,1970-01-01,1970-01-01,"2020-05-14 14:02:53"
970,"Loja Ginga Shopping",Luanda,Viana,Viana,,,NA,Ericsson,,,,,,,,,,,1970-01-01,,,1970-01-01,1970-01-01,"2020-05-14 14:07:55"
971,"Loja Kero Talatona",Luanda,Talatona,Talatona,,,NA,Ericsson,,,,,,,,,,,1970-01-01,,,1970-01-01,1970-01-01,"2020-05-14 14:12:34"
972,"Cummama Viana",Luanda,Viana,Viana,,,NA,Ericsson,,,,,,,,,,,1970-01-01,,,1970-01-01,1970-01-01,"2020-05-14 14:14:47"
973,"Loja Talatona",Luanda,Talatona,Talatona,,,NA,Ericsson,,,,,,,,,,,1970-01-01,,,1970-01-01,1970-01-01,"2020-05-14 14:16:28"
974,"Loja Largo do Ambiente",Luanda,Ingombotas,Ingombotas,,,NA,Ericsson,,,,,,,,,,,1970-01-01,,,1970-01-01,1970-01-01,"2020-05-14 14:31:24"
975,"Loja Belas Shopping",Luanda,Talatona,Talatona,,,NA,Ericsson,,,,,,,,,,,1970-01-01,,,1970-01-01,1970-01-01,"2020-05-14 14:35:09"
976,"Loja Kero Nova vida",Luanda,"Kilamba Kiaxi","Kilamba Kiaxi",,,NA,Ericsson,,,,,,,,,,,1970-01-01,,,1970-01-01,1970-01-01,"2020-05-14 14:42:28"
977,"Loja Nosso Centro",Luanda,Luanda,Luanda,,,NA,Ericsson,,,,,,,,,,,1970-01-01,,,1970-01-01,1970-01-01,"2020-05-14 14:43:17"
978,"Loja mutamba ",Luanda,Luanda,Luanda,,,NA,Ericsson,,,,,,,,,,,1970-01-01,,,1970-01-01,1970-01-01,"2020-05-14 14:45:26"
979,"Loja Chammao",Luanda,Luanda,Luanda,,,NA,Ericsson,,,,,,,,,,,1970-01-01,,,1970-01-01,1970-01-01,"2020-05-15 08:59:44"
981,"Talatona Data Center",Luanda,Talatona,Talatona,,,NA,Ericsson,,,,,,,,,,,1970-01-01,,,1970-01-01,1970-01-01,"2020-05-15 09:04:12"
983,"Loja Kero Kilamba",Luanda,"Kilamba Kiaxi","Kilamba Kiaxi",,,NA,Ericsson,,,,,,,,,,,1970-01-01,,,1970-01-01,1970-01-01,"2020-05-15 09:09:07"
